customer_id,first_name,last_name,mobile_number,email,gender,car_make,car_model
1,Catriona,Alven,283-577-5685,calven0@mozilla.com,Male,Pontiac,Firebird
2,Alistair,Koppke,617-988-5980,akoppke1@unc.edu,Male,Pontiac,Firefly
3,Krishna,Merrywether,588-930-9381,kmerrywether2@blog.com,Male,GMC,Jimmy
4,Lona,Wilfling,623-945-0973,lwilfling3@msn.com,Female,Pontiac,Turbo Firefly
5,Jody,Hordell,186-673-9010,jhordell4@ifeng.com,Female,Mercury,Mountaineer
6,Morena,Barthelmes,554-236-0700,mbarthelmes5@google.es,Female,Chrysler,Town & Country
7,Jerrie,Janney,882-867-1654,jjanney6@bloglovin.com,Genderfluid,Mitsubishi,Cordia
8,Kermy,Deevey,307-510-2846,kdeevey7@cloudflare.com,Female,Volkswagen,Cabriolet
9,Gabrielle,Shadfourth,431-693-2217,gshadfourth8@hostgator.com,Male,Volkswagen,Cabriolet
10,Oberon,Kolak,117-685-4031,okolak9@timesonline.co.uk,Bigender,Toyota,Xtra
11,Lexis,Abbey,288-699-6402,labbeya@desdev.cn,Male,Chevrolet,Camaro
12,Georgette,Chamberlain,371-167-2881,gchamberlainb@sfgate.com,Female,Nissan,Frontier
13,Suzanna,Truder,666-764-6337,struderc@earthlink.net,Genderqueer,Honda,Pilot
14,Miriam,Wigmore,854-391-4733,mwigmored@nature.com,Male,Buick,Roadmaster
15,Loreen,Impy,568-337-8874,limpye@census.gov,Female,Hyundai,Elantra
16,Cayla,Daverin,,,,Dodge,Ram 1500 Club
17,Staford,Gobert,406-665-3030,sgobertg@shutterfly.com,Male,Toyota,4Runner
18,Irwin,Rizzotto,699-591-5762,irizzottoh@weebly.com,Male,Honda,Civic
19,Joshia,Prickett,754-750-6838,jpricketti@thetimes.co.uk,Male,GMC,Sierra 1500
20,Ives,Wickie,694-177-9712,iwickiej@who.int,Male,Jaguar,XK
21,Michal,Olivazzi,276-984-7897,molivazzik@scientificamerican.com,Female,Ford,Escort
22,Corby,Craufurd,564-501-1873,ccraufurdl@vimeo.com,Female,Ford,Econoline E150
23,Sherri,Titcumb,600-986-8241,stitcumbm@ycombinator.com,Female,Aptera,Typ-1
24,Saxe,Habbin,163-979-4437,shabbinn@google.ru,Male,Pontiac,Bonneville
25,Martino,McAnulty,445-366-3362,mmcanultyo@usnews.com,Male,Toyota,Tacoma
26,Karney,Barok,612-259-0657,kbarokp@timesonline.co.uk,Polygender,Dodge,Nitro
27,Janel,Dunbobbin,621-454-7007,jdunbobbinq@dion.ne.jp,Female,Nissan,Maxima
28,Ava,MacKartan,207-275-6378,amackartanr@mediafire.com,Female,Volvo,S80
29,Sally,Pallaske,582-393-2161,spallaskes@histats.com,Non-binary,Acura,NSX
30,Bell,Ilott,827-661-0431,bilottt@liveinternet.ru,Male,Cadillac,Fleetwood
31,Simon,Bech,613-259-1610,sbechu@freewebs.com,Male,Mercury,Mountaineer
32,Lydie,Gallehawk,217-649-5397,lgallehawkv@google.fr,Female,BMW,8 Series
33,Thadeus,Heape,560-290-0162,theapew@arizona.edu,Female,Pontiac,Sunbird
34,Ignazio,MacNeice,441-896-2297,imacneicex@opera.com,Female,Dodge,Grand Caravan
35,Verile,Durnford,111-133-9315,vdurnfordy@cornell.edu,Male,Infiniti,G
36,Ollie,Bezemer,936-596-6846,obezemerz@geocities.jp,Male,Dodge,Ram 3500
37,Donia,Mauvin,333-693-1140,dmauvin10@apple.com,Female,Aston Martin,DBS
38,Kasper,Gateland,656-806-7473,kgateland11@pen.io,Male,Infiniti,G
39,Farrah,Teesdale,255-138-3490,fteesdale12@illinois.edu,Male,Chevrolet,Suburban 2500
40,Jaime,Kytley,504-315-0618,jkytley13@independent.co.uk,Female,Suzuki,Daewoo Lacetti
41,Glenn,Lepard,199-307-6724,glepard14@wikispaces.com,Female,Dodge,Grand Caravan
42,Hortensia,Reyne,706-219-7834,hreyne15@japanpost.jp,Female,Toyota,MR2
43,Emmalynn,Iczokvitz,931-662-0786,eiczokvitz16@linkedin.com,Female,Lincoln,Navigator
44,Kenn,Yellowlee,835-220-0256,kyellowlee17@wiley.com,Female,Mazda,B-Series Plus
45,Harriott,Reed,751-929-4731,hreed18@usnews.com,Male,Isuzu,Trooper
46,Maureene,Bagshawe,643-490-7773,mbagshawe19@sourceforge.net,Polygender,Nissan,Titan
47,Kirstin,Titterrell,627-679-5558,ktitterrell1a@facebook.com,Female,Chevrolet,Corvette
48,Cariotta,Smead,341-187-7652,csmead1b@wiley.com,Bigender,Lincoln,Town Car
49,Susie,Pantlin,364-337-4335,spantlin1c@foxnews.com,Female,Aston Martin,Vantage
50,Laurice,Cultcheth,738-365-5348,lcultcheth1d@nasa.gov,Female,Aston Martin,DBS
51,Waldo,Lismore,152-554-8612,wlismore1e@reuters.com,Female,Buick,Park Avenue
52,Archambault,Mettericke,205-824-8245,amettericke1f@geocities.com,Male,Kia,Optima
53,Corty,Holttom,518-856-3969,cholttom1g@cam.ac.uk,Male,GMC,Savana 3500
54,Olly,Ickov,428-137-0992,oickov1h@blogs.com,Male,Nissan,240SX
55,Dyann,Walkden,601-583-4337,dwalkden1i@twitpic.com,Female,Daewoo,Lanos
56,Dexter,Liddington,917-349-7689,dliddington1j@nps.gov,Female,Mitsubishi,Mirage
57,Gare,Dobbson,894-987-5543,gdobbson1k@bloglovin.com,Female,Mercury,Montego
58,Chere,Blunt,818-854-6978,cblunt1l@mayoclinic.com,Female,Oldsmobile,Cutlass Cruiser
59,Shawn,Matlock,987-689-7559,smatlock1m@nbcnews.com,Male,Chevrolet,HHR
60,Dicky,Castellani,606-772-9374,dcastellani1n@archive.org,Male,Volvo,S40
61,Darby,McCrainor,534-642-2520,dmccrainor1o@unc.edu,Female,Buick,Riviera
62,Cristal,Melsome,898-716-3079,cmelsome1p@springer.com,Female,Acura,NSX
63,Malina,Dik,543-233-4188,mdik1q@goo.gl,Male,Porsche,968
64,Kirby,O'Noulane,498-316-9461,konoulane1r@weather.com,Male,Suzuki,Samurai
65,Arlette,Marfe,146-801-7376,amarfe1s@cloudflare.com,Female,Mercedes-Benz,M-Class
66,Yoko,Simla,118-869-0969,ysimla1t@nps.gov,Non-binary,Buick,Skyhawk
67,Everard,Thamelt,721-432-6616,ethamelt1u@opera.com,Female,Mazda,Mazda6
68,Magdaia,Kadd,819-285-5630,mkadd1v@kickstarter.com,Male,Dodge,Ram 3500 Club
69,Beck,Jedrzejewski,378-963-2301,bjedrzejewski1w@newsvine.com,Female,Chevrolet,Avalanche 1500
70,Ranee,Haugh,695-179-1327,rhaugh1x@technorati.com,Female,Cadillac,STS
71,Elinore,Piet,111-775-3825,epiet1y@ca.gov,Female,Chevrolet,Astro
72,Isidor,Oakes,610-368-2666,ioakes1z@blogtalkradio.com,Female,Bentley,Mulsanne
73,Goddard,Larchiere,271-213-4762,glarchiere20@devhub.com,Male,Mitsubishi,Lancer
74,Ingaberg,Castagnet,351-725-9121,icastagnet21@meetup.com,Female,Chevrolet,3500
75,Tadeo,Schimke,244-958-3389,tschimke22@wisc.edu,Male,Honda,Pilot
76,Lexis,Frays,522-968-7639,lfrays23@prnewswire.com,Female,Chevrolet,Corvette
77,Mandel,Allbut,769-862-4604,mallbut24@myspace.com,Male,Toyota,Celica
78,Vince,Barde,629-924-5022,vbarde25@cornell.edu,Male,Mercedes-Benz,400SEL
79,Catherine,Eard,647-620-0372,ceard26@hud.gov,Polygender,Audi,A4
80,Zorina,Knottley,937-752-3811,zknottley27@fastcompany.com,Female,Mitsubishi,Eclipse
81,Arri,Ingle,269-995-9061,aingle28@ibm.com,Non-binary,Dodge,Ram 2500 Club
82,Staffard,Gatheridge,857-218-7928,sgatheridge29@edublogs.org,Female,Suzuki,Grand Vitara
83,Egon,Youngs,931-118-9260,eyoungs2a@friendfeed.com,Male,Dodge,Ram Wagon B350
84,Jojo,Pendlebery,378-642-3280,jpendlebery2b@state.gov,Female,Nissan,Pathfinder
85,Melodie,Derrington,333-237-7571,mderrington2c@moonfruit.com,Male,Suzuki,SX4
86,Karlens,Matton,431-452-1353,kmatton2d@ocn.ne.jp,Female,Honda,Civic
87,Maynard,Tillman,415-184-0940,mtillman2e@istockphoto.com,Male,Ford,E150
88,Margalo,Harryman,866-438-8699,mharryman2f@360.cn,Male,Mitsubishi,Lancer Evolution
89,Aldric,Drissell,454-297-3811,adrissell2g@amazon.de,Female,Ford,Tempo
90,Lucienne,Mandry,644-875-5366,lmandry2h@zdnet.com,Polygender,Ford,Explorer Sport
91,Kaiser,Hairon,709-637-3819,khairon2i@ox.ac.uk,Female,BMW,X3
92,Kelcey,Guillart,516-203-1711,kguillart2j@theglobeandmail.com,Female,Mazda,MPV
93,Lonnie,MacClenan,463-465-2925,lmacclenan2k@macromedia.com,Male,Mitsubishi,RVR
94,Dorelia,D'Enrico,174-440-4892,ddenrico2l@businesswire.com,Male,Chrysler,Prowler
95,Perice,Ocheltree,658-960-2169,pocheltree2m@jiathis.com,Male,Land Rover,LR2
96,Junette,Genn,549-830-8694,jgenn2n@digg.com,Male,Saturn,VUE
97,Findlay,Woodroffe,447-946-6802,fwoodroffe2o@ed.gov,Male,Buick,Reatta
98,Latashia,Stannah,280-800-1593,lstannah2p@wiley.com,Male,Audi,A6
99,York,Goldthorpe,414-400-3697,ygoldthorpe2q@reverbnation.com,Female,GMC,3500
100,Maude,MacElroy,717-992-3518,mmacelroy2r@accuweather.com,Female,Eagle,Talon
101,Shirlene,Comins,950-116-1056,scomins2s@privacy.gov.au,Male,Mitsubishi,Galant
102,Jesselyn,Wallbanks,572-989-9445,jwallbanks2t@etsy.com,Male,Pontiac,GTO
103,Hamlin,Schurcke,330-717-9826,hschurcke2u@time.com,Male,Oldsmobile,Silhouette
104,Moselle,Hallin,743-173-7313,mhallin2v@over-blog.com,Genderfluid,GMC,Savana 1500
105,Ann,Kegley,262-390-6261,akegley2w@cam.ac.uk,Female,Ford,F350
106,Giffy,Pennetta,221-960-2550,gpennetta2x@linkedin.com,Male,Volvo,XC90
107,Teresina,Reinmar,200-448-3723,treinmar2y@zimbio.com,Female,Porsche,Cayman
108,Sella,Bransgrove,352-510-6069,sbransgrove2z@wikia.com,Male,Cadillac,Escalade EXT
109,Clovis,Andrus,883-939-1897,candrus30@google.com,Male,Dodge,Dakota
110,Allayne,O'Hingerty,742-378-3961,aohingerty31@admin.ch,Male,Dodge,Durango
111,Willyt,Aime,419-324-6153,waime32@acquirethisname.com,Female,Dodge,Ram 2500 Club
112,Alyosha,Pinock,846-885-0509,apinock33@delicious.com,Genderfluid,Mercedes-Benz,500SL
113,Kyle,Yeldham,233-430-7815,kyeldham34@dion.ne.jp,Female,Mazda,Mazda6
114,Marjie,Adnett,640-601-4123,madnett35@homestead.com,Male,Dodge,Nitro
115,Jody,Broomhall,604-327-0063,jbroomhall36@engadget.com,Female,GMC,Yukon
116,Valera,Merton,117-794-7955,vmerton37@howstuffworks.com,Non-binary,Mazda,Protege
117,Julie,Royans,691-620-0111,jroyans38@wunderground.com,Female,Ford,Mustang
118,Humfried,Gealle,189-269-6589,hgealle39@clickbank.net,Male,Ford,Expedition EL
119,Babs,Biernat,852-260-5775,bbiernat3a@zimbio.com,Male,Honda,S2000
120,Jewell,Peacocke,323-181-9790,jpeacocke3b@github.com,Male,Chrysler,Town & Country
121,Ailee,Conrard,538-828-2207,aconrard3c@google.fr,Female,Toyota,Camry
122,Ardenia,Cushe,581-743-7855,acushe3d@springer.com,Male,Volkswagen,Eos
123,Shermie,Bottomer,943-770-3404,sbottomer3e@tripadvisor.com,Male,Dodge,Nitro
124,Pierson,Hebblewaite,431-998-4463,phebblewaite3f@nhs.uk,Female,Volkswagen,Golf
125,Nadya,Metzel,425-387-3574,nmetzel3g@vimeo.com,Female,Mercury,Grand Marquis
126,Arri,Philipet,255-954-9412,aphilipet3h@webmd.com,Female,Volkswagen,Passat
127,Nikolai,Melly,391-202-5098,nmelly3i@theatlantic.com,Bigender,GMC,Savana 2500
128,Felice,Bygreaves,809-570-9237,fbygreaves3j@canalblog.com,Male,Oldsmobile,Cutlass Supreme
129,Manya,Tearle,866-978-0611,mtearle3k@noaa.gov,Male,Hyundai,XG300
130,Derron,Dwane,903-692-3272,ddwane3l@sbwire.com,Female,Acura,MDX
131,Juditha,Scholtz,230-699-2074,jscholtz3m@woothemes.com,Male,Mercedes-Benz,CLK-Class
132,Myrvyn,Bithell,953-951-1886,mbithell3n@apache.org,Female,Plymouth,Reliant
133,Dwayne,Tomley,351-299-8784,dtomley3o@psu.edu,Female,Mazda,CX-7
134,Ollie,Swanson,883-451-5179,oswanson3p@linkedin.com,Non-binary,GMC,Sierra 3500
135,Iggy,Adame,927-761-6496,iadame3q@state.gov,Female,Chrysler,300
136,Davida,Fourcade,866-192-5219,dfourcade3r@lycos.com,Polygender,Subaru,Legacy
137,Granger,Perrelle,414-961-5805,gperrelle3s@hubpages.com,Female,Acura,RL
138,Samara,Dew,869-973-0426,sdew3t@telegraph.co.uk,Male,Ford,Windstar
139,Tess,Smallpeice,732-144-7044,tsmallpeice3u@economist.com,Male,Maserati,Quattroporte
140,Laurella,Peplow,244-212-6280,lpeplow3v@businessinsider.com,Non-binary,Pontiac,G5
141,Vivia,MacInerney,282-680-6305,vmacinerney3w@ycombinator.com,Male,Buick,LaCrosse
142,Rozina,Trunks,524-354-7291,rtrunks3x@usgs.gov,Female,Lexus,ES
143,Sherill,Kenworth,219-368-8790,skenworth3y@omniture.com,Male,Acura,RSX
144,Merell,Halgarth,194-996-8896,mhalgarth3z@nasa.gov,Female,Audi,S5
145,Ellette,Iwanowski,950-374-9297,eiwanowski40@google.de,Male,Pontiac,Grand Am
146,Paulie,Quiddington,309-332-5962,pquiddington41@smh.com.au,Female,Pontiac,Gemini
147,Judi,Wollaston,702-870-7120,jwollaston42@hc360.com,Male,Ford,Mustang
148,Kora,Vecard,796-380-2597,kvecard43@who.int,Female,Ford,Edge
149,Wyn,Sunshine,942-350-6953,wsunshine44@sitemeter.com,Female,Lincoln,Town Car
150,Tedra,Asee,663-193-7329,tasee45@mozilla.org,Male,Mercedes-Benz,CL-Class
151,Torrie,De Cleyne,178-600-5144,tdecleyne46@mail.ru,Female,Dodge,Neon
152,Yolande,Beedham,775-674-3804,ybeedham47@jimdo.com,Male,Mercury,Cougar
153,Kenyon,Whitnall,554-666-0052,kwhitnall48@flavors.me,Male,Chevrolet,Sportvan G30
154,Brandais,Du Hamel,124-700-1151,bduhamel49@macromedia.com,Male,Mitsubishi,Tredia
155,Allayne,Jenner,713-266-2445,ajenner4a@hibu.com,Female,Buick,Skylark
156,Romona,Banner,654-248-0969,rbanner4b@springer.com,Male,GMC,Safari
157,Ricki,Damato,946-834-3898,rdamato4c@typepad.com,Male,Oldsmobile,Silhouette
158,Glennie,Clarridge,,,,Lexus,IS
159,Nickolai,Blandamere,156-411-9766,nblandamere4e@webnode.com,Female,Pontiac,Bonneville
160,Marja,Eadie,203-975-1254,meadie4f@livejournal.com,Male,Audi,RS4
161,Maxie,Peffer,306-671-7332,mpeffer4g@printfriendly.com,Male,GMC,Sierra 2500
162,Cathie,Goodison,728-792-8126,cgoodison4h@hibu.com,Male,Cadillac,Escalade ESV
163,Rik,Rowles,399-193-0212,rrowles4i@jalbum.net,Male,GMC,Sierra 1500
164,Jeremy,Farrants,187-839-9963,jfarrants4j@e-recht24.de,Male,Chevrolet,Blazer
165,Scotty,Broggio,578-874-4829,sbroggio4k@trellian.com,Male,Lincoln,LS
166,Jacintha,Clawley,262-445-5177,jclawley4l@over-blog.com,Male,Lotus,Esprit
167,Foster,Tuffey,223-686-8435,ftuffey4m@com.com,Male,GMC,Vandura G1500
168,Gilberta,Garnson,644-161-1231,ggarnson4n@icio.us,Male,Hyundai,Elantra
169,Florinda,Culwen,171-704-2251,fculwen4o@fastcompany.com,Genderqueer,Lamborghini,Murciélago LP640
170,Denyse,Else,601-693-9025,delse4p@phpbb.com,Male,Ford,Focus
171,Sibelle,Finnigan,700-402-6512,sfinnigan4q@latimes.com,Agender,Spyker,C8 Laviolette
172,Charleen,Andreasson,656-679-2344,candreasson4r@homestead.com,Female,Jaguar,S-Type
173,Cedric,Pitkin,360-200-4289,cpitkin4s@unblog.fr,Male,Lincoln,MKZ
174,Merilee,Clayson,175-585-1928,mclayson4t@oracle.com,Male,Mercury,Cougar
175,Raven,Drinkale,825-713-3384,rdrinkale4u@live.com,Female,Honda,Accord
176,Lenard,Blacksell,687-743-2334,lblacksell4v@boston.com,Female,Lamborghini,Aventador
177,Adriane,Cattini,777-301-4010,acattini4w@barnesandnoble.com,Male,Audi,Q7
178,Brooke,Meekings,656-902-6883,bmeekings4x@berkeley.edu,Female,BMW,X5
179,Margit,Wycherley,608-891-1183,mwycherley4y@csmonitor.com,Male,Nissan,Sentra
180,Caria,Houtbie,362-799-1148,choutbie4z@domainmarket.com,Male,Subaru,Alcyone SVX
181,Erich,Le Fleming,656-533-8218,elefleming50@java.com,Genderfluid,Isuzu,Hombre
182,Hedda,Surphliss,991-824-0670,hsurphliss51@hp.com,Male,Honda,Odyssey
183,Nil,Laurenty,846-659-0590,nlaurenty52@usnews.com,Male,Oldsmobile,Ciera
184,Sissy,MacInnes,605-481-7320,smacinnes53@cbsnews.com,Female,Toyota,Highlander
185,Dodi,Pellingar,357-769-6402,dpellingar54@twitpic.com,Female,Acura,Integra
186,Pattie,Paddon,,,,Ford,Econoline E250
187,Ruddie,Andreasen,541-760-9190,randreasen56@intel.com,Female,Suzuki,Samurai
188,Blanca,Jarrell,908-204-3809,bjarrell57@columbia.edu,Female,Acura,Legend
189,Corissa,Bernuzzi,192-838-7890,cbernuzzi58@china.com.cn,Male,Kia,Sephia
190,Corabelle,Hyde-Chambers,818-305-9085,chydechambers59@globo.com,Polygender,GMC,Savana 3500
191,Leland,Bodley,236-141-0760,lbodley5a@cbslocal.com,Male,Toyota,Camry
192,Phelia,Shewon,206-514-5016,pshewon5b@google.ca,Female,Audi,90
193,Pamella,Sey,597-532-5006,psey5c@symantec.com,Agender,Jeep,Cherokee
194,Elonore,Georgel,150-859-7079,egeorgel5d@guardian.co.uk,Male,Toyota,Sequoia
195,Rufe,Orlton,894-777-1531,rorlton5e@latimes.com,Female,BMW,5 Series
196,Talya,Fleeman,899-467-9970,tfleeman5f@usgs.gov,Non-binary,Jaguar,XJ
197,Winifred,Wrighton,595-520-3407,wwrighton5g@delicious.com,Male,BMW,M5
198,Evvie,Munkton,212-824-5973,emunkton5h@dyndns.org,Male,Jeep,Patriot
199,Bondy,Galbraith,892-960-7999,bgalbraith5i@plala.or.jp,Female,Cadillac,Eldorado
200,Halli,Doneld,361-343-6667,hdoneld5j@wp.com,Male,Infiniti,EX
201,Clair,Gorner,976-310-8635,cgorner5k@blogger.com,Polygender,Dodge,Ram 3500
202,Barbara,Merrikin,225-721-7502,bmerrikin5l@google.ru,Polygender,BMW,6 Series
203,Farris,Manzell,916-708-8384,fmanzell5m@princeton.edu,Female,Mercedes-Benz,R-Class
204,Gaby,Blackstone,529-261-7590,gblackstone5n@dot.gov,Female,BMW,5 Series
205,Ase,Sly,303-190-6341,asly5o@latimes.com,Female,Scion,tC
206,Bald,Dautry,815-146-1683,bdautry5p@nytimes.com,Female,Infiniti,G
207,Ker,Doodney,530-245-1348,kdoodney5q@de.vu,Male,Ford,E-Series
208,Gretchen,MacKintosh,914-367-4346,gmackintosh5r@t-online.de,Genderfluid,Suzuki,Grand Vitara
209,Cele,Flieger,284-931-9799,cflieger5s@barnesandnoble.com,Male,Suzuki,Sidekick
210,Gerianne,Laugier,366-146-1690,glaugier5t@usda.gov,Male,GMC,Savana 2500
211,Grethel,Stockle,354-244-3366,gstockle5u@google.de,Male,BMW,Z4
212,Karlotte,Jenicek,947-968-9004,kjenicek5v@biglobe.ne.jp,Male,Dodge,Spirit
213,Mable,Dimitrijevic,213-881-9900,mdimitrijevic5w@furl.net,Female,Jeep,Liberty
214,Othilie,Skitch,697-510-7441,oskitch5x@purevolume.com,Male,Lexus,IS-F
215,Fairleigh,Bickardike,773-480-5606,fbickardike5y@vimeo.com,Male,Bentley,Continental Flying Spur
216,Georgianne,Cullum,541-949-2420,gcullum5z@smh.com.au,Genderfluid,BMW,760
217,Dulcy,Brunskill,121-472-5590,dbrunskill60@amazonaws.com,Female,Ford,Explorer
218,Bibi,Theml,548-991-8348,btheml61@utexas.edu,Genderfluid,Dodge,Ram Van 1500
219,Rockey,Heckle,645-582-7110,rheckle62@a8.net,Male,Mitsubishi,L300
220,Ingunna,Beswell,230-808-8185,ibeswell63@istockphoto.com,Male,Mercury,Milan
221,Stephanie,Battista,330-299-3329,sbattista64@jugem.jp,Male,Buick,Park Avenue
222,Carmita,Grgic,513-395-6637,cgrgic65@bizjournals.com,Female,Mitsubishi,3000GT
223,Merola,Bullas,532-774-6464,mbullas66@dyndns.org,Female,Jeep,Grand Cherokee
224,Gayleen,Gandley,903-461-0694,ggandley67@360.cn,Female,Pontiac,Trans Sport
225,Ferrell,Garcia,304-126-1168,fgarcia68@xing.com,Male,Saab,9-3
226,Selena,Hayller,568-725-4692,shayller69@wp.com,Male,Mercedes-Benz,S-Class
227,Garnette,Snuggs,218-511-4991,gsnuggs6a@twitter.com,Female,Peugeot,207
228,Dominica,Pasek,449-609-3861,dpasek6b@nhs.uk,Female,Chevrolet,Equinox
229,Maren,Siburn,296-747-9667,msiburn6c@sciencedirect.com,Male,Mitsubishi,i-MiEV
230,Colly,McKeighan,185-675-5797,cmckeighan6d@behance.net,Female,Isuzu,Space
231,Hilda,Commings,473-374-6884,hcommings6e@cyberchimps.com,Female,Ford,Freestar
232,Conney,Insall,925-938-1241,cinsall6f@howstuffworks.com,Male,Lotus,Esprit
233,Fionna,Arnaudet,167-620-7623,farnaudet6g@chronoengine.com,Male,Land Rover,Discovery Series II
234,Vinny,Huertas,825-869-5123,vhuertas6h@ehow.com,Male,Saturn,Relay
235,Bernette,Fleckness,739-368-9037,bfleckness6i@wunderground.com,Female,Toyota,Solara
236,Faustina,McGriffin,448-705-8587,fmcgriffin6j@forbes.com,Female,Mazda,Mazdaspeed 3
237,Min,Ridgeway,129-991-1088,mridgeway6k@cbc.ca,Male,Porsche,Cayenne
238,Yvonne,Miranda,805-408-2653,ymiranda6l@soundcloud.com,Female,Buick,Century
239,Loleta,Skein,985-504-5292,lskein6m@1und1.de,Male,Lexus,ES
240,Tarrance,Goodbourn,810-406-0824,tgoodbourn6n@umn.edu,Male,Buick,Rendezvous
241,Burnard,Panton,640-325-8290,bpanton6o@ifeng.com,Female,Chrysler,Town & Country
242,Morse,Frisby,696-397-0345,mfrisby6p@360.cn,Male,Volkswagen,Beetle
243,Dania,Canner,101-550-9820,dcanner6q@shareasale.com,Female,GMC,3500
244,Aura,Hawse,922-617-9484,ahawse6r@facebook.com,Female,Scion,tC
245,Marmaduke,Everly,392-219-2060,meverly6s@surveymonkey.com,Male,Ford,F150
246,Reuben,Vedmore,546-118-5622,rvedmore6t@github.io,Male,GMC,Yukon Denali
247,Trula,Conring,738-171-5503,tconring6u@noaa.gov,Male,Ford,Econoline E250
248,Adi,Campsall,446-718-2327,acampsall6v@printfriendly.com,Male,Chevrolet,Silverado 3500
249,Hyman,Baterip,670-657-8175,hbaterip6w@imageshack.us,Male,Pontiac,Solstice
250,Tarah,Dearle,759-912-2645,tdearle6x@histats.com,Male,Lincoln,MKT
251,Tamara,Monnelly,223-336-7491,tmonnelly6y@earthlink.net,Female,Hyundai,Accent
252,Delmar,O'Cannan,501-742-4220,docannan6z@dyndns.org,Male,Porsche,928
253,Kelsy,Mauditt,686-704-0350,kmauditt70@abc.net.au,Male,Mazda,Familia
254,Biddy,Noke,993-159-0522,bnoke71@seesaa.net,Female,BMW,3 Series
255,Arlen,Comello,865-103-5501,acomello72@myspace.com,Male,GMC,Terrain
256,Harrison,Planks,604-776-4754,hplanks73@engadget.com,Female,Volkswagen,GTI
257,Noell,Edling,869-571-2846,nedling74@delicious.com,Female,Toyota,Paseo
258,Mic,Posnett,308-755-5483,mposnett75@rakuten.co.jp,Female,Chrysler,300C
259,Leroi,Kopecka,543-923-7695,lkopecka76@g.co,Female,Hyundai,Genesis Coupe
260,Moises,Bussons,373-775-5073,mbussons77@hhs.gov,Male,BMW,7 Series
261,Ermina,Malatalant,,,,Infiniti,EX
262,Genovera,Stutard,203-374-9246,gstutard79@360.cn,Male,Honda,Civic
263,Culley,Coveley,506-639-0330,ccoveley7a@paypal.com,Male,Ford,Econoline E150
264,Linet,Stanlake,813-457-7106,lstanlake7b@etsy.com,Male,Chevrolet,3500
265,Torin,Leney,774-738-2325,tleney7c@naver.com,Female,Mercedes-Benz,M-Class
266,Robinet,Ounsworth,614-961-7672,rounsworth7d@ted.com,Female,Lincoln,LS
267,Patric,Croker,367-460-0098,pcroker7e@hatena.ne.jp,Male,Hyundai,Entourage
268,Fairfax,Brauns,315-212-1632,fbrauns7f@fema.gov,Male,Volkswagen,CC
269,Etheline,Ledford,662-613-5164,eledford7g@umn.edu,Agender,GMC,Sonoma
270,June,Folca,721-252-0600,jfolca7h@ucoz.com,Genderfluid,Ford,Windstar
271,Myer,Bowhay,818-700-3426,mbowhay7i@webnode.com,Male,Mercury,Cougar
272,Ricki,Houtbie,918-278-6895,rhoutbie7j@reuters.com,Non-binary,Cadillac,DeVille
273,Ottilie,Mylchreest,381-391-4078,omylchreest7k@people.com.cn,Female,Buick,Lucerne
274,Carena,Bolitho,200-668-2618,cbolitho7l@nydailynews.com,Female,Fairthorpe,Rockette
275,Tiffanie,Bambury,317-670-6946,tbambury7m@intel.com,Female,GMC,Envoy
276,Raven,Jirka,545-527-9729,rjirka7n@qq.com,Female,Saab,900
277,Webster,Gent,847-699-5854,wgent7o@slate.com,Female,Nissan,Maxima
278,Bram,McAdam,510-795-2631,bmcadam7p@surveymonkey.com,Male,Lotus,Exige
279,Ardith,Dyzart,461-794-6489,adyzart7q@com.com,Male,Subaru,Justy
280,Alvy,Hazeup,217-374-7168,ahazeup7r@cbsnews.com,Male,Nissan,GT-R
281,Scarlet,Quilliam,799-625-5986,squilliam7s@youtube.com,Female,MINI,Cooper
282,Winona,Ogus,894-850-0415,wogus7t@sina.com.cn,Female,Chevrolet,G-Series G10
283,Delphine,Gunner,434-764-4882,dgunner7u@dropbox.com,Female,Dodge,Ram 2500
284,Jacintha,Matteacci,230-538-9897,jmatteacci7v@51.la,Female,Buick,Coachbuilder
285,Nixie,Lyon,736-419-8363,nlyon7w@mapquest.com,Male,Chevrolet,Avalanche 1500
286,Cam,Bulcock,410-294-5210,cbulcock7x@state.gov,Female,Ford,Ranger
287,Brooks,MacCurley,614-993-7617,bmaccurley7y@merriam-webster.com,Male,Hyundai,Accent
288,Dre,Crathorne,191-705-7510,dcrathorne7z@simplemachines.org,Female,Infiniti,Q
289,Sherill,Fleischmann,532-175-7995,sfleischmann80@hhs.gov,Male,Dodge,Ram 2500 Club
290,Letizia,Wicken,616-609-2679,lwicken81@mozilla.org,Male,Chrysler,LHS
291,Audrye,Kienlein,919-486-0734,akienlein82@yahoo.co.jp,Male,Maserati,Quattroporte
292,Avictor,Gallaway,301-886-0110,agallaway83@plala.or.jp,Female,Land Rover,Discovery
293,Giustino,Corteney,711-523-0196,gcorteney84@ftc.gov,Female,Kia,Sportage
294,Herve,Faint,193-923-0695,hfaint85@marketwatch.com,Male,Chevrolet,Suburban 2500
295,Mureil,Andreotti,690-475-1062,mandreotti86@mac.com,Female,Lexus,RX
296,Lula,Cornbell,128-376-1400,lcornbell87@tumblr.com,Female,Chevrolet,Cavalier
297,Reed,Padbury,280-492-6153,rpadbury88@home.pl,Male,Mazda,Millenia
298,Cate,Sage,775-691-6508,csage89@facebook.com,Male,Suzuki,Forenza
299,Whitman,Corkitt,649-148-0771,wcorkitt8a@redcross.org,Genderqueer,Chevrolet,Camaro
300,Damon,Granham,420-919-4834,dgranham8b@sciencedirect.com,Female,Mercury,Villager
301,Gail,Pendle,281-866-9873,gpendle8c@umn.edu,Male,Jeep,Grand Cherokee
302,Ardis,Lippini,768-362-0453,alippini8d@ebay.com,Male,Volkswagen,Quantum
303,Dunc,MacConnel,933-417-1582,dmacconnel8e@ucoz.ru,Male,Ford,Bronco
304,Ketty,Bitten,361-585-5842,kbitten8f@apple.com,Male,Lotus,Esprit Turbo
305,Etheline,Jaskiewicz,159-637-2720,ejaskiewicz8g@cloudflare.com,Male,Toyota,Supra
306,Ulysses,Stittle,164-436-9930,ustittle8h@sohu.com,Female,Pontiac,Firebird
307,Josh,Ballinghall,849-442-8126,jballinghall8i@nps.gov,Female,Pontiac,Grand Prix
308,Carmella,Likely,760-513-9009,clikely8j@nymag.com,Bigender,Buick,LeSabre
309,Lev,Burdfield,552-101-6118,lburdfield8k@desdev.cn,Male,Acura,TL
310,Prinz,Leming,365-672-0223,pleming8l@loc.gov,Female,Acura,NSX
311,Genna,Jacks,683-905-2112,gjacks8m@flavors.me,Bigender,BMW,X5 M
312,Heath,Fishpool,503-931-5110,hfishpool8n@sphinn.com,Female,Oldsmobile,Alero
313,Lyell,Pollastrone,430-465-6883,lpollastrone8o@ftc.gov,Female,Nissan,Pathfinder
314,Colet,Aylmore,804-644-3031,caylmore8p@netvibes.com,Female,Audi,A3
315,Alta,Rigate,103-385-8315,arigate8q@bloglines.com,Male,Mercedes-Benz,GL-Class
316,Con,Mellsop,949-550-4947,cmellsop8r@sciencedaily.com,Male,GMC,Yukon Denali
317,Renell,Feitosa,747-708-2879,rfeitosa8s@twitter.com,Male,Audi,TT
318,Wald,MacInnes,371-887-4308,wmacinnes8t@tamu.edu,Male,Hyundai,Genesis Coupe
319,Mal,Roxby,873-542-2689,mroxby8u@tmall.com,Female,Porsche,Cayman
320,Alta,Reeson,684-163-1535,areeson8v@disqus.com,Female,Chevrolet,Cavalier
321,Enoch,Barford,275-800-5606,ebarford8w@kickstarter.com,Female,Mitsubishi,Eclipse
322,Cthrine,Kiera,305-680-0271,ckiera8x@globo.com,Female,Chevrolet,Blazer
323,Kristan,Slimme,730-699-7009,kslimme8y@wired.com,Male,Lamborghini,Murciélago
324,Rakel,Matteoli,841-858-5375,rmatteoli8z@twitpic.com,Female,Subaru,Legacy
325,Dusty,McCreary,751-778-1445,dmccreary90@fda.gov,Female,Mercedes-Benz,500SL
326,Glad,Paylor,614-623-7753,gpaylor91@cdc.gov,Female,Toyota,Corolla
327,Noam,Gatrill,609-421-3924,ngatrill92@apache.org,Female,Toyota,Corolla
328,Misty,Berrick,784-833-4205,mberrick93@va.gov,Female,Ford,Ranger
329,Lulita,Sowley,407-578-5360,lsowley94@fda.gov,Female,Hyundai,Genesis Coupe
330,Kristos,Coldicott,176-306-6597,kcoldicott95@economist.com,Female,Dodge,D350
331,Kenneth,Branscombe,782-803-1408,kbranscombe96@wisc.edu,Female,Mazda,Mazda6
332,Cheryl,Fetter,340-661-1382,cfetter97@hc360.com,Male,GMC,2500 Club Coupe
333,Ryun,Coslett,996-740-2726,rcoslett98@blog.com,Male,Audi,S5
334,Liza,Barreau,445-585-4055,lbarreau99@salon.com,Male,Ford,Ranger
335,Mureil,Jerok,904-153-4429,mjerok9a@people.com.cn,Female,Chevrolet,Tahoe
336,Marcus,MacEntee,565-914-5768,mmacentee9b@example.com,Female,Mazda,RX-8
337,Carmelina,Hornung,165-737-6801,chornung9c@europa.eu,Female,Pontiac,Grand Prix
338,Esme,Simoncello,289-189-5552,esimoncello9d@cyberchimps.com,Male,Chevrolet,Suburban 1500
339,Eugene,Hazlehurst,682-275-8924,ehazlehurst9e@biglobe.ne.jp,Male,Chevrolet,Silverado 3500
340,Rhiamon,Witsey,642-649-6381,rwitsey9f@hc360.com,Female,Ford,E-Series
341,Maura,Kerrich,888-715-9953,mkerrich9g@japanpost.jp,Male,Nissan,Pathfinder
342,Gladi,Carstairs,237-708-5949,gcarstairs9h@ustream.tv,Male,Chevrolet,Camaro
343,Kathlin,Cornock,208-212-1334,kcornock9i@wsj.com,Male,Buick,Riviera
344,Stacy,Budik,226-339-0133,sbudik9j@nsw.gov.au,Female,Maybach,57S
345,Farley,Cant,922-379-3861,fcant9k@blog.com,Female,Mercedes-Benz,CLS-Class
346,Greg,Chicchetto,793-506-7756,gchicchetto9l@goo.ne.jp,Female,Chevrolet,Express 1500
347,Malena,Sandle,384-158-4458,msandle9m@mac.com,Male,Mazda,MX-5
348,Milt,Outibridge,789-831-5143,moutibridge9n@wp.com,Female,Dodge,Ram Wagon B350
349,Sheffield,Ahrenius,477-784-6537,sahrenius9o@networksolutions.com,Male,Ford,Ranger
350,Tull,Benneton,480-950-8276,tbenneton9p@hatena.ne.jp,Female,Geo,Metro
351,Betty,Twittey,138-888-7669,btwittey9q@utexas.edu,Female,Porsche,Panamera
352,Wylie,De Malchar,325-788-3625,wdemalchar9r@amazon.de,Female,Kia,Carens
353,Kali,Easton,281-679-8488,keaston9s@blogtalkradio.com,Female,Audi,Cabriolet
354,Damara,Sigward,138-883-0918,dsigward9t@japanpost.jp,Female,Chevrolet,Tahoe
355,Valli,Hearnden,415-276-9504,vhearnden9u@marketwatch.com,Female,Volkswagen,Fox
356,Bancroft,Berford,860-119-9408,bberford9v@opera.com,Non-binary,Plymouth,Sundance
357,Gratiana,Aldersea,540-264-3370,galdersea9w@salon.com,Polygender,Infiniti,M
358,Boyd,Revening,981-494-2601,brevening9x@amazon.co.uk,Male,Ford,E150
359,Bridget,Coy,486-247-1358,bcoy9y@creativecommons.org,Female,Porsche,911
360,Helsa,Batchelder,572-850-2482,hbatchelder9z@apache.org,Male,Mitsubishi,Outlander
361,Marlie,Brokenshaw,472-740-7327,mbrokenshawa0@prlog.org,Male,Rolls-Royce,Ghost
362,Yvonne,Pareman,880-718-6968,yparemana1@upenn.edu,Male,Mitsubishi,Truck
363,Jaclin,Thomen,503-289-5723,jthomena2@wix.com,Female,Pontiac,1000
364,Roslyn,Healing,692-835-6544,rhealinga3@mozilla.org,Female,Dodge,Grand Caravan
365,Merci,McKimmey,538-676-6299,mmckimmeya4@skype.com,Female,Mitsubishi,L300
366,Marne,Terzza,537-513-6641,mterzzaa5@sciencedaily.com,Male,Mercedes-Benz,M-Class
367,Sandie,Myton,577-357-2460,smytona6@chicagotribune.com,Female,Subaru,Forester
368,Barbabra,Montez,502-666-5150,bmonteza7@scribd.com,Male,Ford,Mustang
369,Rora,Lindelof,697-763-6366,rlindelofa8@narod.ru,Female,Buick,Park Avenue
370,Illa,Ramshay,881-518-8955,iramshaya9@networksolutions.com,Female,Volvo,XC90
371,Maribel,Heinert,104-239-7028,mheinertaa@yelp.com,Male,Ford,F250
372,Luelle,Dowse,730-130-7806,ldowseab@utexas.edu,Male,Toyota,Xtra
373,Zarla,Catto,108-882-4862,zcattoac@huffingtonpost.com,Male,Chrysler,Cirrus
374,Darla,Reast,199-634-1294,dreastad@jalbum.net,Male,Dodge,Ram 2500 Club
375,Portie,Crimmins,733-546-6298,pcrimminsae@google.it,Male,Mercury,Mariner
376,Boris,Herity,713-185-7372,bherityaf@yellowpages.com,Female,Ford,Taurus
377,Rebecka,Pridmore,177-835-5769,rpridmoreag@whitehouse.gov,Male,Chevrolet,Silverado 3500
378,Modesta,McLurg,362-197-2577,mmclurgah@ft.com,Female,Cadillac,Sixty Special
379,Emily,Shipston,755-875-0106,eshipstonai@disqus.com,Female,Buick,LeSabre
380,Tedd,Hawkins,500-388-6592,thawkinsaj@twitpic.com,Female,Lexus,RX
381,Janaye,Erickssen,175-480-4640,jerickssenak@moonfruit.com,Female,Chevrolet,Tahoe
382,Lisa,Maylor,506-625-6578,lmayloral@disqus.com,Male,Acura,RL
383,Madison,Ever,687-229-8171,meveram@nsw.gov.au,Female,Ford,Mustang
384,Nathalie,Basnett,153-435-5649,nbasnettan@tiny.cc,Male,Cadillac,XLR
385,Michaela,Tilly,297-390-2203,mtillyao@hostgator.com,Female,Lexus,LS
386,Beatrisa,Aldgate,737-655-0753,baldgateap@ifeng.com,Male,Toyota,RAV4
387,Alessandro,Gillion,602-385-0579,agillionaq@bbc.co.uk,Male,Oldsmobile,Achieva
388,Hillie,Manuelli,950-369-5912,hmanuelliar@sphinn.com,Male,Volkswagen,Golf III
389,Ewart,Chaperlin,,,,Volvo,S60
390,Louise,Davidsohn,773-793-8956,ldavidsohnat@epa.gov,Genderqueer,Subaru,Impreza
391,Jacquelynn,Whiskerd,885-990-8185,jwhiskerdau@va.gov,Female,Nissan,Altima
392,Erinn,Figgins,780-777-1770,efigginsav@sitemeter.com,Agender,BMW,M6
393,Teressa,Exer,258-102-9471,texeraw@phoca.cz,Female,Maserati,Spyder
394,Ward,McGerraghty,445-680-0594,wmcgerraghtyax@vk.com,Female,GMC,Sierra 3500
395,Oriana,Melbury,693-124-6916,omelburyay@meetup.com,Female,Suzuki,Daewoo Lacetti
396,Malinda,MacShirie,488-148-9408,mmacshirieaz@bbc.co.uk,Male,Cadillac,SRX
397,Lira,Teers,980-395-7783,lteersb0@cocolog-nifty.com,Female,Kia,Amanti
398,Brittan,Simnor,892-160-1202,bsimnorb1@nytimes.com,Female,Ford,Mustang
399,Justina,Chapple,516-580-9092,jchappleb2@oaic.gov.au,Female,Ford,F350
400,Dav,Lamyman,283-620-1242,dlamymanb3@statcounter.com,Male,Ford,Mustang
401,Axel,Bainton,666-794-1797,abaintonb4@newyorker.com,Female,Pontiac,GTO
402,Timi,Tregona,762-316-6006,ttregonab5@stanford.edu,Male,Dodge,Caravan
403,Saraann,Foxcroft,,,,Volkswagen,GTI
404,Rebekkah,Petkovic,249-910-3546,rpetkovicb7@sohu.com,Male,Chevrolet,Corvair
405,Ludovika,Fowlestone,380-640-5315,lfowlestoneb8@tuttocitta.it,Female,Cadillac,Escalade ESV
406,Elka,Wybrow,732-261-8820,ewybrowb9@wp.com,Female,Hummer,H1
407,Ricky,Paslow,489-680-0801,rpaslowba@dedecms.com,Female,Ford,Laser
408,Ardene,McGairl,216-285-8913,amcgairlbb@dedecms.com,Female,Lexus,GX
409,Bird,Rickets,607-673-0190,bricketsbc@epa.gov,Female,Mazda,Mazda6
410,Agnes,Dorney,547-463-3042,adorneybd@who.int,Female,Lexus,LS
411,Elliot,Hollingsby,788-947-2122,ehollingsbybe@thetimes.co.uk,Male,Ford,Ranger
412,Stephannie,Adiscot,658-832-1295,sadiscotbf@w3.org,Female,Ford,Escape
413,Ruthann,Brecon,727-758-1072,rbreconbg@tiny.cc,Polygender,Toyota,Highlander
414,Burtie,Gillanders,763-599-9590,bgillandersbh@ucoz.com,Male,Toyota,RAV4
415,Elisabeth,Moreman,783-505-8115,emoremanbi@prweb.com,Male,Mercedes-Benz,CLK-Class
416,Nickola,Youtead,984-939-4331,nyouteadbj@ocn.ne.jp,Male,Chevrolet,Express 2500
417,Baldwin,Vell,,,,Pontiac,LeMans
418,Granny,Carberry,868-621-2989,gcarberrybl@godaddy.com,Male,GMC,Savana 1500
419,Tiffie,Guidini,846-832-7332,tguidinibm@4shared.com,Non-binary,Lexus,HS
420,Trevar,Tissell,797-932-1057,ttissellbn@nyu.edu,Male,BMW,6 Series
421,Avivah,Dresche,212-610-5543,adreschebo@examiner.com,Female,Mercedes-Benz,C-Class
422,Hendrik,Jefferson,742-994-2701,hjeffersonbp@bbb.org,Female,Mercedes-Benz,G-Class
423,Aarika,Hebson,850-610-3079,ahebsonbq@apple.com,Female,Mercedes-Benz,300E
424,Lani,Turmel,450-469-8094,lturmelbr@wisc.edu,Polygender,Suzuki,SJ 410
425,Rowney,Blondin,273-539-7712,rblondinbs@apache.org,Male,Suzuki,Sidekick
426,Tani,Maker,122-276-6297,tmakerbt@msn.com,Male,Mazda,MPV
427,Gilberto,Dosedale,775-156-5008,gdosedalebu@state.tx.us,Female,Kia,Spectra
428,Gretel,Rupert,249-336-8668,grupertbv@wikipedia.org,Female,Hyundai,Accent
429,Ursa,Keane,810-920-3050,ukeanebw@angelfire.com,Male,Volkswagen,Corrado
430,Kipp,Biasioli,682-860-4739,kbiasiolibx@ask.com,Male,Jeep,Wrangler
431,Raina,Tuckwell,364-455-5324,rtuckwellby@addtoany.com,Female,Chrysler,Concorde
432,Rois,Bedome,495-166-3216,rbedomebz@hexun.com,Male,Chevrolet,Suburban
433,Dev,Cherry Holme,399-801-1947,dcherryholmec0@wsj.com,Female,Kia,Soul
434,Kylynn,Martel,837-649-6166,kmartelc1@vistaprint.com,Female,Lexus,LS
435,Harlan,Waggett,990-316-9695,hwaggettc2@studiopress.com,Female,Cadillac,CTS
436,Nickey,Tingey,596-222-3266,ntingeyc3@unblog.fr,Genderfluid,GMC,Sonoma Club Coupe
437,Terrie,Salery,988-255-0074,tsaleryc4@bravesites.com,Male,Ford,Expedition
438,Pammi,Witt,964-588-6424,pwittc5@go.com,Male,Mitsubishi,Outlander
439,Klara,Skypp,819-439-9096,kskyppc6@latimes.com,Male,Chevrolet,Camaro
440,Udale,Bullar,293-495-3479,ubullarc7@chron.com,Male,Toyota,T100
441,Ashbey,Gianulli,961-251-0453,agianullic8@php.net,Female,Acura,RL
442,Jolyn,Joselovitch,266-855-7197,jjoselovitchc9@google.nl,Male,Pontiac,Turbo Firefly
443,Tom,Fayerbrother,679-678-5628,tfayerbrotherca@purevolume.com,Female,Chevrolet,Corvette
444,Leanora,Childers,962-137-2200,lchilderscb@hexun.com,Male,Mitsubishi,Truck
445,Clement,Tawn,763-399-1849,ctawncc@wisc.edu,Non-binary,Dodge,Ram 1500
446,Cyrill,Asee,445-262-9481,caseecd@mashable.com,Male,Maserati,228
447,Dori,Marmyon,538-792-6134,dmarmyonce@seesaa.net,Male,Mazda,CX-9
448,Reta,Primarolo,326-530-7213,rprimarolocf@instagram.com,Female,Audi,Q5
449,Vivienne,Strond,222-157-8831,vstrondcg@vinaora.com,Female,Saturn,VUE
450,Jayme,Canadine,384-822-6895,jcanadinech@ca.gov,Male,BMW,M3
451,Marylou,Ephgrave,393-441-2818,mephgraveci@ning.com,Male,Lexus,HS
452,Else,Pandie,106-860-3543,epandiecj@cmu.edu,Female,Saturn,VUE
453,Clementia,Haysman,726-783-2709,chaysmanck@telegraph.co.uk,Male,Nissan,Pathfinder
454,Rayna,Giamelli,529-695-6234,rgiamellicl@tumblr.com,Female,Chevrolet,Silverado 3500
455,Neale,Prestwich,183-846-5811,nprestwichcm@cnbc.com,Male,Chevrolet,Silverado 3500HD
456,Ellery,McAlees,972-575-2941,emcaleescn@archive.org,Genderqueer,Ford,Torino
457,Merna,Canby,284-602-4524,mcanbyco@edublogs.org,Female,Lotus,Exige
458,Hector,Clayill,724-374-6230,hclayillcp@weibo.com,Agender,Mercury,Marquis
459,Eba,Perri,197-567-6328,eperricq@wunderground.com,Male,Toyota,Corolla
460,Grannie,Churchard,540-734-2334,gchurchardcr@de.vu,Male,Infiniti,J
461,Reade,Haycock,515-577-4032,rhaycockcs@etsy.com,Female,Toyota,Tacoma
462,Stormi,Gery,972-913-0727,sgeryct@list-manage.com,Female,Mazda,Navajo
463,Krispin,Elletson,621-762-8510,kelletsoncu@cocolog-nifty.com,Male,Chevrolet,Impala SS
464,Burg,Jager,878-513-1477,bjagercv@loc.gov,Female,Mitsubishi,L300
465,Kally,Solomonides,,,,Subaru,Forester
466,Vivyanne,Borwick,160-433-6714,vborwickcx@cdc.gov,Female,Peugeot,207
467,Tomi,Hovey,129-718-1716,thoveycy@freewebs.com,Female,Volvo,960
468,Dulcea,Huckerby,242-208-4019,dhuckerbycz@sakura.ne.jp,Male,GMC,2500
469,Shadow,Brailsford,402-205-9539,sbrailsfordd0@chronoengine.com,Male,Buick,Century
470,Gavra,Dennes,155-634-2805,gdennesd1@mtv.com,Female,Mercedes-Benz,R-Class
471,Ken,Jerrome,723-560-4729,kjerromed2@cafepress.com,Male,Mitsubishi,Galant
472,Franky,Mines,662-655-8291,fminesd3@europa.eu,Female,Toyota,T100 Xtra
473,Tyne,Vice,364-339-6428,tviced4@ftc.gov,Male,Ford,Escort
474,Humfrey,Lutz,378-861-7566,hlutzd5@yahoo.co.jp,Female,Oldsmobile,Aurora
475,Nolly,Heake,168-118-8923,nheaked6@drupal.org,Male,Pontiac,Grand Prix
476,Buckie,Trillow,549-451-6162,btrillowd7@marriott.com,Bigender,Mercedes-Benz,SLR McLaren
477,Aeriela,Lawrenson,249-328-1458,alawrensond8@marketwatch.com,Female,Mercedes-Benz,SL-Class
478,Dusty,Laffranconi,308-801-7077,dlaffranconid9@lulu.com,Female,Toyota,Avalon
479,Kenna,Melonby,,,,Cadillac,Allante
480,Melisent,Hawkslee,374-592-9705,mhawksleedb@tumblr.com,Female,Pontiac,6000
481,Emanuel,Skidmore,154-780-6958,eskidmoredc@google.cn,Female,Acura,Legend
482,Peder,Michallat,603-829-5423,pmichallatdd@odnoklassniki.ru,Female,Mazda,Miata MX-5
483,Milissent,Royce,208-547-2578,mroycede@csmonitor.com,Male,Ford,Fairlane
484,Theadora,Houliston,530-537-6832,thoulistondf@plala.or.jp,Genderqueer,Nissan,Altima
485,Domingo,Calway,221-784-5083,dcalwaydg@npr.org,Agender,BMW,X5 M
486,Ede,Dolden,835-854-1453,edoldendh@wikimedia.org,Male,Honda,Civic
487,Raymund,Selbach,364-899-0639,rselbachdi@gov.uk,Male,Oldsmobile,Silhouette
488,Chico,Jerson,717-518-4433,cjersondj@zdnet.com,Bigender,Suzuki,XL7
489,Antonella,Matusov,291-621-5609,amatusovdk@icq.com,Female,Saturn,Aura
490,Fredelia,Mitchener,203-362-9324,fmitchenerdl@tinyurl.com,Genderfluid,Mercedes-Benz,C-Class
491,Britni,Hrus,273-931-3113,bhrusdm@google.com.br,Female,Ford,Transit Connect
492,Lindsey,Drinkhill,574-218-0469,ldrinkhilldn@twitter.com,Female,Chevrolet,Avalanche 2500
493,Madelena,Wicklen,329-788-8467,mwicklendo@discovery.com,Male,Chevrolet,Monte Carlo
494,Irvin,Jocic,706-179-0566,ijocicdp@prnewswire.com,Male,Saab,9-5
495,Ansell,Pala,762-501-3289,apaladq@imageshack.us,Female,Land Rover,Defender
496,Merline,Gayne,816-230-1513,mgaynedr@studiopress.com,Male,Volvo,C30
497,Donovan,Tetther,802-511-3201,dtettherds@technorati.com,Female,Ford,Explorer
498,Cassey,Arniz,901-798-7109,carnizdt@yellowbook.com,Male,Nissan,Cube
499,Hurlee,Maffi,721-529-9291,hmaffidu@nih.gov,Female,Mitsubishi,Pajero
500,Franklyn,Boulter,720-592-0058,fboulterdv@eventbrite.com,Female,Oldsmobile,Aurora
501,Ramsey,Vondracek,831-810-1234,rvondracekdw@apple.com,Non-binary,Volkswagen,New Beetle
502,Dody,Agnew,463-353-0602,dagnewdx@disqus.com,Male,Dodge,D150
503,Hartwell,Rhydderch,941-160-3596,hrhydderchdy@weebly.com,Male,Ford,Taurus
504,Say,Gelletly,957-920-6057,sgelletlydz@independent.co.uk,Male,Cadillac,XLR
505,Ripley,Mettricke,195-970-8224,rmettrickee0@comsenz.com,Female,Cadillac,XLR
506,Luca,Vaar,418-687-5655,lvaare1@fc2.com,Male,Ford,Thunderbird
507,Tremain,Le Brum,475-357-2164,tlebrume2@smh.com.au,Male,Infiniti,Q
508,Packston,Corsham,797-113-8977,pcorshame3@howstuffworks.com,Female,Audi,A4
509,Ernesto,O Mullen,157-324-0269,eomullene4@springer.com,Female,Eagle,Talon
510,Ezechiel,Willoughley,233-979-0407,ewilloughleye5@theguardian.com,Male,Mercedes-Benz,G-Class
511,Kendra,Kilgallon,818-565-3388,kkilgallone6@jugem.jp,Male,Toyota,Celica
512,Lizzy,Hargreaves,485-713-0573,lhargreavese7@bigcartel.com,Male,Subaru,Tribeca
513,Antony,Alves,954-637-1291,aalvese8@upenn.edu,Female,Chevrolet,Suburban
514,Diarmid,Egleton,770-211-3380,degletone9@posterous.com,Male,Pontiac,GTO
515,Katherine,Spaule,634-489-6868,kspauleea@github.com,Female,Toyota,Land Cruiser
516,Faunie,Nannizzi,564-631-2408,fnannizzieb@intel.com,Agender,Buick,Skylark
517,Gannon,McDowall,846-820-7703,gmcdowallec@economist.com,Male,Ford,Taurus
518,Thebault,Housecraft,848-200-1021,thousecrafted@pcworld.com,Female,Hyundai,Elantra
519,Marcel,Studeart,318-106-0926,mstudeartee@last.fm,Male,Ram,Dakota
520,Lorri,Beirne,541-599-9920,lbeirneef@skype.com,Female,Volvo,C70
521,Wiley,Scarlan,865-923-0834,wscarlaneg@hud.gov,Male,Jeep,Patriot
522,Nanci,Dankov,743-503-4829,ndankoveh@artisteer.com,Male,Ford,Probe
523,Ambrosi,Abbe,606-370-6850,aabbeei@bloglovin.com,Male,Oldsmobile,Ciera
524,Oswald,Fenby,419-993-3391,ofenbyej@pcworld.com,Female,Toyota,Sienna
525,Netty,La Vigne,555-289-9884,nlavigneek@ucoz.ru,Male,Ford,F150
526,Emelen,Pessel,407-232-7963,epesselel@npr.org,Female,Honda,Civic
527,Lucina,McGilben,367-637-4984,lmcgilbenem@state.gov,Male,Lexus,HS
528,Caresa,Wyldish,726-906-4590,cwyldishen@cloudflare.com,Male,Mitsubishi,Mirage
529,Broderic,McPhee,732-992-9747,bmcpheeeo@odnoklassniki.ru,Male,Ford,Explorer Sport Trac
530,Romy,Tidgewell,989-841-3067,rtidgewellep@ucoz.ru,Female,Buick,Enclave
531,Neda,Coton,176-114-7327,ncotoneq@ebay.com,Female,Mercedes-Benz,SL-Class
532,Marty,Rupert,505-408-4564,mruperter@sun.com,Female,Chevrolet,Tahoe
533,Douglas,Livermore,214-386-7858,dlivermorees@instagram.com,Male,Chevrolet,Silverado 3500
534,Ulysses,Josskoviz,345-962-6507,ujosskovizet@bigcartel.com,Female,Suzuki,SX4
535,Nickola,Clemintoni,703-289-4408,nclemintonieu@networksolutions.com,Male,Land Rover,Range Rover
536,Louis,Isson,661-899-1121,lissonev@redcross.org,Female,Oldsmobile,Cutlass Supreme
537,Alexis,Morston,921-541-2673,amorstonew@wikia.com,Male,Pontiac,Grand Am
538,Lezley,Labbey,845-310-7106,llabbeyex@twitpic.com,Male,Chevrolet,Cobalt
539,Maisey,Roughey,776-994-4980,mrougheyey@w3.org,Male,Ford,Taurus
540,Daisy,Eliet,875-879-2359,delietez@biblegateway.com,Male,Mitsubishi,Precis
541,Clare,Geddis,173-653-8475,cgeddisf0@is.gd,Female,Mercedes-Benz,SLK-Class
542,Werner,Huske,405-191-3746,whuskef1@dyndns.org,Female,Pontiac,Grand Prix
543,Itch,Note,832-828-0320,inotef2@fastcompany.com,Male,Chevrolet,Suburban 2500
544,Marissa,Jaray,144-903-4083,mjarayf3@blogs.com,Female,Chevrolet,Colorado
545,Seana,Preon,299-966-1606,spreonf4@columbia.edu,Female,GMC,Sonoma
546,Maureene,Epelett,850-353-8979,mepelettf5@soundcloud.com,Female,Ford,F450
547,Noelle,Altofts,980-624-9772,naltoftsf6@springer.com,Male,Ford,Econoline E350
548,Harcourt,Fassan,750-895-9838,hfassanf7@theglobeandmail.com,Male,Mazda,RX-8
549,Michaella,Lidgertwood,786-471-1221,mlidgertwoodf8@barnesandnoble.com,Female,Audi,Quattro
550,Keen,Mohring,,,,Acura,RL
551,Benni,Galway,987-408-3207,bgalwayfa@wisc.edu,Male,Mercedes-Benz,GL-Class
552,Eldin,Pelzer,727-546-1841,epelzerfb@reverbnation.com,Male,Subaru,Outback
553,Vassili,Emanueli,968-337-7847,vemanuelifc@xrea.com,Female,Hyundai,Sonata
554,Gisela,Churchward,295-137-6064,gchurchwardfd@purevolume.com,Male,Pontiac,Grand Am
555,Ebba,Maykin,420-201-8069,emaykinfe@icio.us,Female,Lincoln,Navigator L
556,Frankie,Moffett,744-986-8826,fmoffettff@lycos.com,Male,Mitsubishi,Lancer
557,Brant,Longfield,335-563-1543,blongfieldfg@google.com.hk,Female,Jeep,Cherokee
558,Elora,Corbet,201-379-9512,ecorbetfh@squidoo.com,Female,Buick,Regal
559,Delmore,Flaonier,208-135-7954,dflaonierfi@ameblo.jp,Male,Audi,riolet
560,Ulick,Creenan,919-162-7667,ucreenanfj@accuweather.com,Female,Chevrolet,Aveo
561,Nancie,Scarratt,716-463-1138,nscarrattfk@icq.com,Male,Honda,Accord
562,Valerye,Daltrey,169-876-8947,vdaltreyfl@blogspot.com,Male,Mitsubishi,Starion
563,Farley,Scobie,105-276-8124,fscobiefm@va.gov,Female,Toyota,Camry
564,Allegra,Filip,476-224-5573,afilipfn@psu.edu,Female,Ram,2500
565,Margaret,McKennan,736-264-2793,mmckennanfo@psu.edu,Agender,Ford,LTD Crown Victoria
566,Puff,Beggan,257-985-3100,pbegganfp@domainmarket.com,Male,Toyota,Tacoma
567,Weylin,Cowdery,741-931-1808,wcowderyfq@mapquest.com,Male,Hyundai,Sonata
568,Iggy,Bebbell,210-489-2870,ibebbellfr@howstuffworks.com,Male,GMC,Envoy
569,Maridel,Adan,110-105-8815,madanfs@globo.com,Male,Infiniti,FX
570,Albertina,Lerer,282-282-9801,alererft@yelp.com,Male,Mitsubishi,Galant
571,Derward,Mathias,447-426-6464,dmathiasfu@cbsnews.com,Male,Pontiac,Bonneville
572,Eudora,Strowlger,522-326-3917,estrowlgerfv@nba.com,Male,Saab,9-5
573,Ignazio,Abotson,241-493-3871,iabotsonfw@dion.ne.jp,Male,Jeep,Liberty
574,Adorne,Larman,221-787-0180,alarmanfx@mapy.cz,Male,Ford,F-Series Super Duty
575,Barnebas,Meineking,709-973-7518,bmeinekingfy@npr.org,Male,Saab,9000
576,Jayne,Ely,719-980-1563,jelyfz@list-manage.com,Female,Dodge,Ram Van 1500
577,Terry,Durran,143-705-7510,tdurrang0@bbb.org,Female,Porsche,928
578,Randi,Clayhill,136-394-8878,rclayhillg1@issuu.com,Male,Lincoln,MKX
579,Percival,Matijevic,463-877-1146,pmatijevicg2@tripadvisor.com,Male,Lexus,LX
580,Junia,Bruyet,212-875-0470,jbruyetg3@rakuten.co.jp,Male,Nissan,JUKE
581,Reuben,Casazza,925-399-1837,rcasazzag4@icio.us,Agender,Toyota,Tercel
582,Noami,Dimanche,537-490-5248,ndimancheg5@jugem.jp,Male,Pontiac,Firebird
583,Tresa,Doerrling,344-594-2923,tdoerrlingg6@linkedin.com,Male,Ford,Ranger
584,Samara,Notman,974-803-8875,snotmang7@seattletimes.com,Male,Toyota,Tacoma
585,Frasier,Jeakins,528-716-6570,fjeakinsg8@ehow.com,Female,GMC,2500 Club Coupe
586,Boote,Leicester,845-632-9389,bleicesterg9@cyberchimps.com,Female,Hummer,H1
587,Benita,Ivers,772-506-0150,biversga@google.com.hk,Female,Mazda,MX-6
588,Noah,Emmison,720-300-9337,nemmisongb@php.net,Female,Ford,F-Series
589,Wilfrid,Mueller,440-963-1856,wmuellergc@walmart.com,Male,Cadillac,DTS
590,Ellette,Cairney,476-929-4209,ecairneygd@bloomberg.com,Male,Toyota,RAV4
591,Wayland,Kemmish,895-215-0250,wkemmishge@umich.edu,Male,Jeep,Wrangler
592,Odelia,Fried,478-652-8297,ofriedgf@mac.com,Male,Mazda,CX-7
593,Dalston,Calvert,906-918-9853,dcalvertgg@amazonaws.com,Male,Hyundai,Elantra
594,Priscella,Kytter,308-367-4632,pkyttergh@pagesperso-orange.fr,Female,Ford,E350
595,Maximilien,Ouslem,821-720-7757,mouslemgi@amazon.com,Female,Suzuki,Swift
596,Louie,Skiplorne,312-678-7127,lskiplornegj@thetimes.co.uk,Male,Pontiac,Grand Prix
597,Daniela,Knifton,735-439-2518,dkniftongk@behance.net,Female,Ford,Explorer
598,Ingaborg,Staton,768-198-8130,istatongl@bloglovin.com,Male,Dodge,Charger
599,Guss,Olver,980-825-2784,golvergm@sina.com.cn,Male,Ford,Ranger
600,Eran,Timberlake,754-190-7308,etimberlakegn@freewebs.com,Female,Mitsubishi,Mirage
601,Ewan,Loughan,316-253-4848,eloughango@gov.uk,Female,Lincoln,Continental
602,Inigo,Sackur,916-902-7470,isackurgp@cocolog-nifty.com,Female,GMC,Canyon
603,Clarke,Minear,823-269-5252,cmineargq@desdev.cn,Male,BMW,6 Series
604,West,McNaught,579-743-1146,wmcnaughtgr@ucsd.edu,Female,BMW,600
605,Joycelin,Bleue,991-606-5344,jbleuegs@netlog.com,Female,Acura,Integra
606,Murvyn,Treverton,437-267-7934,mtrevertongt@hexun.com,Male,Maserati,Spyder
607,Rustie,Ganforthe,652-142-7382,rganforthegu@slideshare.net,Male,Ford,Ranger
608,Claudius,Sweetsur,204-315-9450,csweetsurgv@ucoz.com,Female,Hyundai,Elantra
609,Gisele,Massingberd,808-960-8314,gmassingberdgw@gmpg.org,Male,Chevrolet,Camaro
610,Muffin,Rosander,178-853-8075,mrosandergx@pinterest.com,Male,Lexus,IS
611,Cathee,Costa,804-241-3592,ccostagy@microsoft.com,Female,Volkswagen,Cabriolet
612,Hector,Simionescu,434-100-8687,hsimionescugz@livejournal.com,Male,Mercedes-Benz,C-Class
613,Pernell,Heasly,843-290-8598,pheaslyh0@nhs.uk,Female,Toyota,Highlander Hybrid
614,Miquela,Andriesse,501-437-7038,mandriesseh1@ovh.net,Male,Lincoln,Navigator
615,Dane,Piff,796-939-8739,dpiffh2@dell.com,Male,Mitsubishi,Outlander
616,Courtnay,Scruton,827-521-8435,cscrutonh3@apple.com,Bigender,Audi,A8
617,Christy,Orrah,793-176-4059,corrahh4@exblog.jp,Female,Audi,V8
618,Miguel,Beevors,127-620-4830,mbeevorsh5@wikia.com,Male,Buick,Somerset
619,Hewett,Stert,569-194-4149,hsterth6@vk.com,Male,Mercedes-Benz,500SEL
620,Ulysses,Puckring,199-132-4948,upuckringh7@spotify.com,Agender,Kia,Spectra
621,Maxie,Beaconsall,747-492-9877,mbeaconsallh8@reverbnation.com,Female,Mercedes-Benz,SLS-Class
622,Marielle,Morphey,488-579-5026,mmorpheyh9@pbs.org,Female,Chevrolet,Aveo
623,Minnie,Parzizek,137-705-7964,mparzizekha@google.cn,Female,Audi,Coupe Quattro
624,Mirna,Matfin,618-220-3015,mmatfinhb@homestead.com,Male,Mitsubishi,Diamante
625,Angel,Tibbetts,961-895-7977,atibbettshc@dailymotion.com,Male,Saturn,Outlook
626,Lillis,Fessler,772-458-2104,lfesslerhd@joomla.org,Male,Hyundai,Tiburon
627,Lynsey,Fagg,169-965-8064,lfagghe@nps.gov,Male,Mercedes-Benz,SL-Class
628,Zacharie,Stickford,682-786-8626,zstickfordhf@google.com.br,Female,Honda,Odyssey
629,Harli,Boone,951-345-7418,hboonehg@uiuc.edu,Male,Mazda,B-Series
630,Carmon,Gorthy,899-443-5891,cgorthyhh@squidoo.com,Female,Land Rover,Range Rover Sport
631,Piotr,Gorham,802-910-9208,pgorhamhi@bing.com,Male,Chrysler,Aspen
632,Wayland,Etheredge,588-506-8823,wetheredgehj@youtu.be,Female,Chevrolet,S10
633,Shandeigh,Gibbieson,110-554-0547,sgibbiesonhk@freewebs.com,Male,Toyota,Supra
634,Louie,Selburn,534-319-8345,lselburnhl@altervista.org,Agender,Mazda,Mazda6
635,Sal,Greschke,972-478-9541,sgreschkehm@blinklist.com,Female,Mercury,Grand Marquis
636,Lindsey,Raspison,725-230-7453,lraspisonhn@harvard.edu,Male,Mitsubishi,Pajero
637,Tully,MacCarlich,710-996-5321,tmaccarlichho@house.gov,Female,Plymouth,Laser
638,Dorthy,Thraves,340-620-9940,dthraveshp@imgur.com,Male,Volkswagen,Golf
639,Isadora,Urlin,150-691-3796,iurlinhq@amazon.com,Male,Mercedes-Benz,SLR McLaren
640,Heall,Ramshaw,771-141-5704,hramshawhr@census.gov,Female,Dodge,Ram Van 2500
641,Olga,Olivie,919-964-3515,ooliviehs@vistaprint.com,Female,Buick,Riviera
642,Tessie,Hencke,872-221-3920,thenckeht@loc.gov,Male,Nissan,Pathfinder
643,Datha,Prendergast,,,,Mercedes-Benz,S-Class
644,Eliot,Vaux,281-179-8435,evauxhv@vimeo.com,Male,Audi,A6
645,Adam,Samme,583-809-7402,asammehw@exblog.jp,Female,Mitsubishi,Lancer
646,Tome,Lushey,854-602-3396,tlusheyhx@technorati.com,Female,Dodge,Ram Van 1500
647,Dennie,Rowthorn,585-795-9093,drowthornhy@loc.gov,Female,GMC,Sierra 3500HD
648,Kathrine,McKinnell,949-636-8598,kmckinnellhz@blinklist.com,Female,Volvo,S80
649,Laural,Sempill,871-245-9745,lsempilli0@buzzfeed.com,Male,Toyota,4Runner
650,Cosette,Grubbe,277-102-1263,cgrubbei1@scientificamerican.com,Female,Nissan,GT-R
651,Micaela,Huxter,233-606-3245,mhuxteri2@google.it,Female,Subaru,Justy
652,Taylor,Americi,957-958-7528,tamericii3@army.mil,Male,Lexus,GX
653,Dame,Holsey,550-140-6692,dholseyi4@hexun.com,Male,Subaru,SVX
654,Althea,Cootes,373-823-0916,acootesi5@lycos.com,Female,Oldsmobile,Alero
655,Alissa,Gammons,644-812-6786,agammonsi6@techcrunch.com,Female,Mercury,Sable
656,Kellyann,Pawlicki,789-986-6247,kpawlickii7@yolasite.com,Genderqueer,Pontiac,Montana
657,Lelah,O'Scanlan,435-119-3099,loscanlani8@about.com,Male,Nissan,Xterra
658,Aubine,Rizzardini,306-737-5937,arizzardinii9@is.gd,Male,Porsche,911
659,Barbra,Cockshoot,954-975-0511,bcockshootia@nbcnews.com,Male,Subaru,Outback
660,Cornall,De Carlo,682-380-7620,cdecarloib@bravesites.com,Male,Volkswagen,Corrado
661,Kareem,Laffoley-Lane,757-753-0578,klaffoleylaneic@amazon.com,Male,Land Rover,Discovery Series II
662,Benedicto,Crosby,420-624-4075,bcrosbyid@ft.com,Male,Mercedes-Benz,SLR McLaren
663,Kelila,Tangye,538-962-9691,ktangyeie@i2i.jp,Male,Lexus,IS-F
664,Wilhelmine,Aston,305-861-6692,wastonif@state.tx.us,Female,Plymouth,Voyager
665,Jason,Meader,797-188-4784,jmeaderig@1688.com,Female,Ford,Mustang
666,Denna,Akast,124-528-9194,dakastih@indiatimes.com,Female,Ford,Explorer
667,Giuseppe,Duinbleton,972-649-7799,gduinbletonii@ning.com,Male,Toyota,RAV4
668,Rachel,Brandts,118-447-5420,rbrandtsij@dropbox.com,Female,Volvo,960
669,Joshuah,Luckman,725-773-7769,jluckmanik@bravesites.com,Male,Mazda,Protege
670,Bessie,Pomphrey,963-401-4311,bpomphreyil@house.gov,Female,Chevrolet,Tahoe
671,Hermie,Yegorovnin,527-864-5274,hyegorovninim@smugmug.com,Female,BMW,X5
672,Roley,Matyashev,144-418-4573,rmatyashevin@reference.com,Male,Ford,F150
673,Gabriell,Lucken,479-368-4797,gluckenio@a8.net,Male,GMC,Canyon
674,Lethia,Gemmill,121-855-9650,lgemmillip@si.edu,Male,Lincoln,Aviator
675,Adelheid,Siseland,121-892-6533,asiselandiq@kickstarter.com,Male,Mitsubishi,Montero Sport
676,Myrna,Greetland,683-577-1409,mgreetlandir@jalbum.net,Polygender,Mercedes-Benz,500SL
677,Clementina,Copeman,762-401-0937,ccopemanis@ifeng.com,Female,Mazda,323
678,Priscilla,Garmanson,477-102-2944,pgarmansonit@forbes.com,Female,Chevrolet,Tahoe
679,Rakel,Tohill,157-112-6928,rtohilliu@cbsnews.com,Bigender,Lincoln,Town Car
680,Son,Chin,345-348-5052,schiniv@biblegateway.com,Male,GMC,Savana 1500
681,Lynette,Darleston,852-241-7089,ldarlestoniw@jiathis.com,Male,Toyota,Celica
682,Brittani,Mullen,513-827-6660,bmullenix@columbia.edu,Female,Maserati,Spyder
683,Darelle,Cawthera,616-612-2328,dcawtheraiy@wordpress.com,Female,Toyota,T100
684,Ermanno,Campanelli,181-191-2295,ecampanelliiz@ustream.tv,Female,Ford,Escape
685,Cyril,Kettlestringe,117-350-5931,ckettlestringej0@amazon.co.uk,Female,Subaru,Impreza WRX
686,Audrie,Brislawn,823-434-1914,abrislawnj1@gravatar.com,Female,Nissan,Sentra
687,Elenore,Downie,855-679-8821,edowniej2@soundcloud.com,Male,Mazda,626
688,Nicol,Aylward,626-476-4581,naylwardj3@wordpress.org,Male,Ford,F150
689,Godfree,Rasper,357-191-3084,grasperj4@ycombinator.com,Male,Ford,Club Wagon
690,Hyacinth,Patience,112-934-7787,hpatiencej5@naver.com,Male,Pontiac,Firebird
691,Georgine,Walden,927-671-2484,gwaldenj6@tiny.cc,Male,Ford,Explorer
692,Pietro,Aird,499-225-1966,pairdj7@livejournal.com,Female,GMC,Safari
693,Audry,Lulham,491-915-5130,alulhamj8@comsenz.com,Male,Plymouth,Grand Voyager
694,Lesli,Ivons,126-819-0011,livonsj9@ucoz.ru,Male,Volkswagen,Eurovan
695,Jeffie,Lanaway,560-969-5075,jlanawayja@jimdo.com,Male,Volvo,V70
696,Cybill,Mariolle,336-412-8427,cmariollejb@columbia.edu,Female,Volkswagen,Passat
697,Bale,O'Bradain,561-960-9265,bobradainjc@unblog.fr,Bigender,Pontiac,6000
698,Jesselyn,Treleaven,175-749-7098,jtreleavenjd@wunderground.com,Non-binary,Mercedes-Benz,SLR McLaren
699,Glenda,Bussen,182-824-7649,gbussenje@ask.com,Female,Toyota,Highlander
700,Vergil,Fryd,508-557-4105,vfrydjf@storify.com,Female,Dodge,Avenger
701,Cristiano,Rickson,262-716-4427,cricksonjg@etsy.com,Male,Mitsubishi,Endeavor
702,Edin,Pilkington,,,,Volkswagen,Golf
703,Ralina,Cattlemull,175-995-3996,rcattlemullji@slate.com,Male,Nissan,GT-R
704,Leena,Geekie,911-200-6989,lgeekiejj@redcross.org,Genderqueer,Rolls-Royce,Phantom
705,Pebrook,Somerset,323-873-8813,psomersetjk@washingtonpost.com,Female,Saturn,VUE
706,Antonin,Leedal,327-744-9798,aleedaljl@yahoo.co.jp,Male,Chevrolet,Monte Carlo
707,Odie,Boneham,518-331-3663,obonehamjm@intel.com,Male,Chevrolet,G-Series 3500
708,Carlynn,Lefley,523-562-0296,clefleyjn@dion.ne.jp,Female,Toyota,Land Cruiser
709,Rubia,Scarsbrooke,935-471-5999,rscarsbrookejo@pbs.org,Male,Infiniti,QX
710,Lib,Shakelade,361-524-8185,lshakeladejp@theglobeandmail.com,Female,Mercedes-Benz,C-Class
711,Sile,Bleesing,913-225-4859,sbleesingjq@marketwatch.com,Male,Mercedes-Benz,M-Class
712,Della,Cane,996-345-2160,dcanejr@smugmug.com,Female,Honda,Passport
713,Gae,Rides,598-106-6474,gridesjs@omniture.com,Male,Chevrolet,Express 2500
714,Hodge,Condell,144-642-5692,hcondelljt@ucla.edu,Male,Mercury,Cougar
715,Claudio,Lycett,289-702-7241,clycettju@bloglovin.com,Male,Mitsubishi,Montero Sport
716,Yvonne,Chinery,281-723-4198,ychineryjv@elegantthemes.com,Male,Chevrolet,Sportvan G20
717,Vikky,Nortunen,495-778-4715,vnortunenjw@t-online.de,Male,Pontiac,6000
718,Gerianne,Venney,959-514-2969,gvenneyjx@pagesperso-orange.fr,Male,BMW,600
719,Malynda,MacElharge,250-514-3038,mmacelhargejy@gizmodo.com,Female,GMC,Envoy
720,Manolo,Itshak,825-532-8197,mitshakjz@indiegogo.com,Female,Mitsubishi,Eclipse
721,Jamil,Cherrison,376-977-4388,jcherrisonk0@liveinternet.ru,Male,Suzuki,SX4
722,Sissie,Swayte,425-274-0978,sswaytek1@t.co,Male,Hyundai,Accent
723,Kevan,Neilan,844-372-7635,kneilank2@tripod.com,Male,Mercury,Sable
724,Giffie,Pagen,432-416-0358,gpagenk3@bloglines.com,Male,Mitsubishi,Excel
725,Kial,Conichie,610-759-4246,kconichiek4@artisteer.com,Polygender,Lincoln,Town Car
726,Carolus,Hasslocher,733-320-7416,chasslocherk5@newsvine.com,Male,Mercedes-Benz,SL-Class
727,Petey,Thurber,171-161-4441,pthurberk6@msu.edu,Female,Pontiac,Torrent
728,Jere,Morrowe,866-902-5100,jmorrowek7@51.la,Female,Dodge,Ram 3500
729,Blair,Overlow,863-403-4717,boverlowk8@odnoklassniki.ru,Male,Ford,Focus
730,Chiarra,Guest,125-571-2656,cguestk9@dell.com,Male,Geo,Tracker
731,Brunhilde,Lawes,247-653-5084,blaweska@hatena.ne.jp,Male,Ford,Econoline E350
732,Ki,Kellaway,435-927-2518,kkellawaykb@nps.gov,Female,Chevrolet,Monte Carlo
733,Dyan,Morecombe,464-414-0961,dmorecombekc@simplemachines.org,Male,Volvo,940
734,Gun,Coldbathe,397-361-7312,gcoldbathekd@feedburner.com,Female,Mitsubishi,Sigma
735,Dorothea,Bath,546-320-4971,dbathke@photobucket.com,Female,Scion,iQ
736,Gladys,Plaice,243-740-4992,gplaicekf@loc.gov,Male,BMW,Z4
737,Franny,Pomfrett,,,,Audi,80
738,Coop,Dyke,209-299-1849,cdykekh@un.org,Female,Audi,S4
739,Portia,McFaul,617-101-5732,pmcfaulki@seesaa.net,Male,Mitsubishi,Cordia
740,Thomasa,Jansema,735-228-4611,tjansemakj@npr.org,Male,Pontiac,Firefly
741,Allene,Blazdell,572-429-4808,ablazdellkk@cyberchimps.com,Male,Mazda,B-Series
742,Addi,Pocknell,400-289-5727,apocknellkl@seattletimes.com,Female,Audi,A4
743,Noami,Baylie,958-430-8105,nbayliekm@quantcast.com,Female,Ford,Econoline E250
744,Myriam,Baldini,430-708-0383,mbaldinikn@hexun.com,Male,Scion,tC
745,Ediva,Braidman,300-976-7633,ebraidmanko@hibu.com,Male,Saab,900
746,Deck,Kennerley,665-610-3296,dkennerleykp@irs.gov,Female,Pontiac,Firebird
747,Maddie,Bruun,101-582-6138,mbruunkq@time.com,Female,Volvo,940
748,Way,Snoddin,832-259-6208,wsnoddinkr@dell.com,Female,Chevrolet,Corvette
749,Jacinthe,Hubble,386-987-4968,jhubbleks@ihg.com,Female,Mazda,929
750,Jerad,Featherstonhaugh,719-613-2156,jfeatherstonhaughkt@craigslist.org,Male,Subaru,SVX
751,Abba,Ghion,345-839-2171,aghionku@123-reg.co.uk,Female,Hyundai,XG300
752,Alexis,Croal,551-224-9108,acroalkv@usa.gov,Male,Chevrolet,Monte Carlo
753,Prue,O'Crigane,111-960-0550,pocriganekw@simplemachines.org,Male,Chevrolet,Silverado 2500
754,Germayne,Purple,416-868-5479,gpurplekx@cbslocal.com,Male,Pontiac,Grand Am
755,Elnar,Rooksby,646-380-0035,erooksbyky@mayoclinic.com,Female,Audi,90
756,Cherilynn,Pinyon,482-986-7470,cpinyonkz@paginegialle.it,Male,Pontiac,Grand Prix
757,Natasha,Grewcock,939-636-2598,ngrewcockl0@blog.com,Male,Volvo,S60
758,Merralee,Goldstein,795-370-4321,mgoldsteinl1@scientificamerican.com,Female,Suzuki,Esteem
759,Teddy,Rennick,418-190-2032,trennickl2@theatlantic.com,Female,Mazda,Mazda6
760,Land,Tuberfield,886-443-4795,ltuberfieldl3@ibm.com,Female,Porsche,968
761,Babbette,Lappine,332-901-2654,blappinel4@wikia.com,Female,Chrysler,Aspen
762,Say,Filasov,981-343-1418,sfilasovl5@pagesperso-orange.fr,Bigender,Ford,Ranger
763,Kennedy,Leversuch,735-576-4538,kleversuchl6@issuu.com,Female,Suzuki,XL-7
764,Marybeth,Scutter,402-509-8732,mscutterl7@woothemes.com,Female,Chevrolet,Impala
765,Wake,Peppett,849-472-2489,wpeppettl8@comsenz.com,Female,GMC,Sierra 3500
766,Noemi,Hanford,662-490-2543,nhanfordl9@ow.ly,Female,Dodge,Ram 1500
767,Kakalina,Robinette,945-101-8632,krobinettela@amazonaws.com,Male,Porsche,Cayman
768,Flemming,Ambrogini,312-370-5351,fambroginilb@odnoklassniki.ru,Female,Volvo,S60
769,Irina,Swanston,380-295-4253,iswanstonlc@instagram.com,Female,Ford,Five Hundred
770,Scotti,Rambadt,298-534-8056,srambadtld@gmpg.org,Male,Geo,Prizm
771,Rita,Ramard,813-961-5854,rramardle@newsvine.com,Genderqueer,Pontiac,Grand Am
772,Talia,Keary,298-178-9428,tkearylf@wiley.com,Male,Ford,Th!nk
773,Brook,Cardozo,811-358-1546,bcardozolg@oracle.com,Female,Dodge,Colt
774,Ediva,Breissan,450-453-7587,ebreissanlh@sitemeter.com,Female,Nissan,Altima
775,Tobey,Tumasian,,,,Saab,9-3
776,Alexandros,Flores,983-829-0714,afloreslj@xrea.com,Genderfluid,Dodge,Grand Caravan
777,Anetta,Reedman,470-361-3038,areedmanlk@upenn.edu,Male,Oldsmobile,88
778,Joyous,Gwinnell,968-560-2085,jgwinnellll@tumblr.com,Female,Lexus,SC
779,Rachael,Mattedi,312-315-2384,rmattedilm@unblog.fr,Female,Subaru,Alcyone SVX
780,Cad,Gillopp,712-642-7324,cgilloppln@usa.gov,Male,Plymouth,Voyager
781,Matt,Birkenshaw,176-315-6526,mbirkenshawlo@bbb.org,Female,Pontiac,Montana
782,Berti,Bacon,931-346-1679,bbaconlp@gov.uk,Female,Chevrolet,G-Series 1500
783,Josey,Halesworth,864-721-5161,jhalesworthlq@liveinternet.ru,Male,Hyundai,Accent
784,Osborn,Wanell,459-691-8841,owanelllr@freewebs.com,Female,Mazda,B-Series
785,Odessa,Lilian,646-533-6486,olilianls@bbc.co.uk,Female,Volkswagen,Rabbit
786,Caroljean,Igoe,212-329-5084,cigoelt@ifeng.com,Male,Pontiac,Grand Prix
787,Heinrick,Walthew,,,,Pontiac,Aztek
788,Trix,Drawmer,925-735-6920,tdrawmerlv@cyberchimps.com,Male,Nissan,Quest
789,Romonda,Basso,486-729-0390,rbassolw@tripadvisor.com,Male,GMC,Vandura 1500
790,Moore,Tomkin,580-163-7025,mtomkinlx@jugem.jp,Female,Lincoln,MKZ
791,Darcy,Shemming,239-377-8618,dshemmingly@booking.com,Female,Ford,F-Series
792,Matilde,Lante,877-618-9419,mlantelz@google.es,Female,BMW,745
793,Garreth,Daine,223-507-3781,gdainem0@wordpress.com,Female,Suzuki,Grand Vitara
794,Allister,Sunnex,978-640-9963,asunnexm1@eepurl.com,Female,Chevrolet,S10
795,Eliza,Pebworth,256-756-5928,epebworthm2@gizmodo.com,Female,Ford,Bronco
796,Terrell,Windybank,385-826-2579,twindybankm3@51.la,Female,GMC,Sonoma Club Coupe
797,Anthe,People,577-642-5669,apeoplem4@instagram.com,Female,Pontiac,Sunfire
798,Ritchie,Rickardsson,108-662-4637,rrickardssonm5@home.pl,Male,Mazda,B-Series Plus
799,Zelma,Agnew,848-868-3441,zagnewm6@surveymonkey.com,Female,BMW,5 Series
800,Cassey,Castella,150-196-7829,ccastellam7@parallels.com,Genderfluid,Suzuki,Grand Vitara
801,Frayda,Rumbellow,640-624-6621,frumbellowm8@sourceforge.net,Polygender,Honda,Civic Si
802,Carmine,Padson,536-925-7741,cpadsonm9@soup.io,Male,Austin,Mini Cooper S
803,Alli,Bilsborrow,572-783-3082,abilsborrowma@1und1.de,Female,Mitsubishi,Mirage
804,Jacquenette,Chesshire,973-241-5633,jchesshiremb@loc.gov,Male,Volkswagen,Touareg
805,Arlene,MacTrustram,670-806-7437,amactrustrammc@umn.edu,Male,Isuzu,Ascender
806,Edita,Steel,539-672-7871,esteelmd@desdev.cn,Male,Mercedes-Benz,E-Class
807,Aubine,Denidge,248-194-0072,adenidgeme@issuu.com,Female,Saab,9-3
808,Marsha,Chaudrelle,863-841-3988,mchaudrellemf@booking.com,Male,Chevrolet,Camaro
809,Lucina,Ashard,482-427-6003,lashardmg@yellowpages.com,Female,Toyota,Land Cruiser
810,Calla,Surgison,445-682-1844,csurgisonmh@washingtonpost.com,Agender,Jeep,Compass
811,Nertie,Karel,576-889-9259,nkarelmi@ustream.tv,Male,Geo,Tracker
812,Andra,de Clerc,343-356-0948,adeclercmj@amazonaws.com,Female,Jeep,Commander
813,Anjela,Low,863-567-8880,alowmk@ow.ly,Female,Ford,LTD Crown Victoria
814,Willard,Brabon,623-344-6591,wbrabonml@sciencedaily.com,Female,Chevrolet,S10
815,Cordelie,Jankowski,304-272-5056,cjankowskimm@is.gd,Male,Toyota,Camry
816,Meredithe,Budibent,481-880-1078,mbudibentmn@deviantart.com,Female,Acura,RSX
817,Kelli,Giovannelli,477-642-5876,kgiovannellimo@nps.gov,Male,Scion,xD
818,Conney,Limbourne,281-745-4611,climbournemp@blogspot.com,Non-binary,Subaru,Justy
819,Prinz,Kerford,457-169-0133,pkerfordmq@hostgator.com,Female,Pontiac,Grand Prix
820,Bev,Petris,644-799-9520,bpetrismr@multiply.com,Male,Mitsubishi,Galant
821,Gray,Gaunson,212-413-6068,ggaunsonms@networksolutions.com,Genderfluid,Lincoln,Continental
822,Sollie,Callendar,477-177-1650,scallendarmt@thetimes.co.uk,Female,Kia,Sportage
823,Hadrian,Webben,158-810-1434,hwebbenmu@desdev.cn,Female,Pontiac,G3
824,Cindy,Adrain,520-972-5667,cadrainmv@meetup.com,Female,Chrysler,Prowler
825,Fernande,Richarson,824-268-6542,fricharsonmw@google.com.au,Male,Dodge,Stealth
826,Erick,Heephy,600-736-5672,eheephymx@mozilla.org,Female,GMC,3500
827,Lelia,Showell,310-198-3355,lshowellmy@squarespace.com,Female,Oldsmobile,Bravada
828,Lorant,Totaro,200-311-2027,ltotaromz@php.net,Female,Ford,Expedition
829,Nanni,Satterly,563-459-2910,nsatterlyn0@fotki.com,Female,Suzuki,Grand Vitara
830,Thorstein,Jammes,587-296-5583,tjammesn1@thetimes.co.uk,Female,Mazda,B-Series
831,Neala,Cresswell,581-217-9086,ncresswelln2@yahoo.co.jp,Female,Dodge,Stratus
832,Gertrud,Mathew,858-314-6001,gmathewn3@reddit.com,Female,Infiniti,G25
833,Bourke,Grisenthwaite,,,,Toyota,TundraMax
834,Perla,Alcock,882-883-8443,palcockn5@google.fr,Female,Pontiac,Montana
835,Dino,Saby,622-251-7190,dsabyn6@cbsnews.com,Female,Mercedes-Benz,SL-Class
836,Dev,Houlson,974-269-5487,dhoulsonn7@bizjournals.com,Female,Isuzu,Trooper
837,Liane,Corbin,610-140-0193,lcorbinn8@elpais.com,Female,Toyota,Tacoma Xtra
838,Vicki,Rawstorne,168-658-9122,vrawstornen9@cnn.com,Female,Land Rover,Range Rover Sport
839,Virgina,Sifleet,488-886-0779,vsifleetna@fastcompany.com,Female,Saab,9-3
840,Marj,Hallums,225-640-6456,mhallumsnb@ucla.edu,Female,Lexus,GS
841,Cassie,Hadrill,934-583-3949,chadrillnc@printfriendly.com,Polygender,Mercedes-Benz,M-Class
842,Perla,Ayer,632-282-1276,payernd@barnesandnoble.com,Female,Mercury,Sable
843,Orv,Issac,654-115-4316,oissacne@list-manage.com,Female,Chevrolet,Beretta
844,Dall,Phinnessy,709-403-9774,dphinnessynf@hc360.com,Male,Mitsubishi,Challenger
845,Nelson,Ranyelld,163-155-4633,nranyelldng@dedecms.com,Male,Ferrari,F430
846,Darell,Cheater,128-194-3675,dcheaternh@adobe.com,Female,Volkswagen,Golf
847,Rivkah,Quare,218-791-2811,rquareni@omniture.com,Female,Porsche,911
848,Anatollo,Rootham,492-885-5515,aroothamnj@webeden.co.uk,Male,BMW,3 Series
849,Brenda,Leavry,153-199-7517,bleavrynk@com.com,Male,Pontiac,Montana
850,Ki,Peckett,149-384-0549,kpeckettnl@whitehouse.gov,Female,Audi,5000CS
851,Marty,Anglim,311-952-1340,manglimnm@earthlink.net,Agender,Mercury,Mountaineer
852,Peadar,Barrabeale,809-835-3318,pbarrabealenn@seattletimes.com,Female,Pontiac,LeMans
853,Aurie,Rozenbaum,876-434-6184,arozenbaumno@zimbio.com,Female,Nissan,Versa
854,Dex,Mylan,264-611-9320,dmylannp@reference.com,Female,Chevrolet,Impala
855,Glenn,Ghiotto,251-913-6031,gghiottonq@amazon.co.uk,Male,Acura,RL
856,Fergus,Tytcomb,876-362-2584,ftytcombnr@ihg.com,Polygender,Lexus,LX
857,Mag,Scroggie,900-895-3338,mscroggiens@i2i.jp,Polygender,Saab,900
858,Nikkie,Montilla,959-844-3380,nmontillant@t-online.de,Female,Chevrolet,Corvette
859,Guillemette,McAteer,223-996-8167,gmcateernu@sfgate.com,Male,Dodge,Ram Van 3500
860,Annamaria,Chadd,788-300-7654,achaddnv@flavors.me,Female,Saab,9000
861,Alva,Wahner,286-254-2046,awahnernw@opensource.org,Bigender,Mitsubishi,GTO
862,Will,Foddy,928-311-3649,wfoddynx@ca.gov,Female,Scion,xA
863,Shantee,McNiff,468-811-7707,smcniffny@addtoany.com,Female,GMC,Vandura 1500
864,Maryanna,Humerstone,171-404-3549,mhumerstonenz@umich.edu,Female,Land Rover,Discovery
865,Joscelin,Frangleton,280-722-9697,jfrangletono0@godaddy.com,Female,Lexus,IS-F
866,Lorelei,Moreland,215-354-9348,lmorelando1@google.pl,Male,Hyundai,Elantra
867,Emelina,Collihole,121-796-3456,ecolliholeo2@fda.gov,Female,Volkswagen,Golf
868,Mikkel,Chittey,319-673-1902,mchitteyo3@nifty.com,Female,Jaguar,S-Type
869,Louisa,Dietsche,775-789-1720,ldietscheo4@cpanel.net,Female,Chevrolet,Silverado
870,Mariele,Revening,210-350-3481,mreveningo5@furl.net,Male,BMW,760
871,Ingaborg,Sidebotham,914-105-8061,isidebothamo6@epa.gov,Female,Kia,Optima
872,Jermain,Bilham,595-262-3408,jbilhamo7@4shared.com,Male,Mitsubishi,Galant
873,Lita,Cullrford,704-409-2296,lcullrfordo8@netlog.com,Female,Chevrolet,Suburban 2500
874,Lucinda,Sandcroft,286-760-4603,lsandcrofto9@arstechnica.com,Polygender,Saab,9-3
875,Norry,Lawtey,518-325-8134,nlawteyoa@uiuc.edu,Male,Chevrolet,Suburban 1500
876,Barny,Radmer,751-360-1167,bradmerob@ycombinator.com,Male,Mercury,Mystique
877,Heriberto,Tamburi,111-377-0353,htamburioc@wikimedia.org,Male,Mitsubishi,Lancer
878,Rodie,Sorrel,454-229-8874,rsorrelod@cmu.edu,Female,Pontiac,Grand Prix
879,Beverley,Pitkeathly,389-956-4640,bpitkeathlyoe@goo.ne.jp,Female,Dodge,Caravan
880,Myrilla,Hugland,227-647-8149,mhuglandof@slate.com,Female,Honda,Accord
881,Joleen,Tackell,109-779-2910,jtackellog@imageshack.us,Male,Ford,E150
882,Jerald,Case,635-834-1982,jcaseoh@howstuffworks.com,Female,Acura,Legend
883,Stephen,Kain,816-907-2898,skainoi@nhs.uk,Agender,Jaguar,X-Type
884,Maxwell,Hutchens,525-157-1062,mhutchensoj@123-reg.co.uk,Male,Mazda,B-Series
885,Rayshell,Tranfield,678-301-3617,rtranfieldok@facebook.com,Female,Ford,Ranger
886,Cristi,Jickells,638-957-1703,cjickellsol@cdc.gov,Male,Mercury,Cougar
887,Gleda,Cattini,502-166-9997,gcattiniom@feedburner.com,Female,Buick,Park Avenue
888,Aristotle,Hedlestone,581-913-5093,ahedlestoneon@reuters.com,Female,Ford,Thunderbird
889,Clerc,Gronaller,114-913-3716,cgronalleroo@hugedomains.com,Male,Volvo,S70
890,Rivi,Houseley,153-687-9006,rhouseleyop@washington.edu,Male,Mazda,B-Series Plus
891,Madelena,Iacovuzzi,735-144-9692,miacovuzzioq@histats.com,Female,Mitsubishi,3000GT
892,Ax,Dingley,719-725-4504,adingleyor@ebay.co.uk,Female,Holden,VS Commodore
893,Shalne,Pheby,297-641-6617,sphebyos@webnode.com,Male,Audi,V8
894,Gifford,Grizard,674-952-3205,ggrizardot@1und1.de,Female,Chevrolet,Tahoe
895,Tabitha,Biernat,198-202-9854,tbiernatou@geocities.com,Male,Hyundai,Accent
896,Matthias,Darling,473-442-3713,mdarlingov@narod.ru,Male,Dodge,Grand Caravan
897,Byran,Jenks,357-205-8185,bjenksow@github.com,Female,Acura,Integra
898,Giselle,Cockitt,683-733-6465,gcockittox@chron.com,Genderqueer,GMC,Yukon Denali
899,Murdock,Ferrettini,182-240-5357,mferrettinioy@webeden.co.uk,Female,Ford,Torino
900,Rosalinda,Ledner,229-217-9543,rledneroz@hugedomains.com,Female,Mitsubishi,Endeavor
901,Bobine,Sloane,835-781-6468,bsloanep0@prnewswire.com,Female,Audi,A4
902,Barbie,Mazzilli,375-729-8768,bmazzillip1@virginia.edu,Male,Mitsubishi,Galant
903,Blisse,Bloxsom,864-535-6505,bbloxsomp2@constantcontact.com,Female,Chevrolet,1500
904,Annabela,Hehnke,160-249-6635,ahehnkep3@deviantart.com,Male,Nissan,Altima
905,Meghann,Hazeup,262-823-1756,mhazeupp4@examiner.com,Female,Kia,Amanti
906,Lydon,Yurikov,762-399-4089,lyurikovp5@flavors.me,Female,Audi,80
907,Denys,Baudouin,796-156-6624,dbaudouinp6@sbwire.com,Female,Infiniti,FX
908,Taylor,Pereira,656-816-9670,tpereirap7@icq.com,Male,Mercedes-Benz,E-Class
909,Addie,Boddymead,635-537-9504,aboddymeadp8@w3.org,Agender,Infiniti,G35
910,Kikelia,Olyfat,625-821-2305,kolyfatp9@hud.gov,Male,Ford,Aerostar
911,Bax,Antram,494-593-6276,bantrampa@msu.edu,Female,Infiniti,IPL G
912,Romonda,Ilyinykh,416-926-8062,rilyinykhpb@marketwatch.com,Female,Chrysler,PT Cruiser
913,Brynna,Loins,,,,Toyota,Echo
914,Helge,Garley,411-828-1157,hgarleypd@typepad.com,Male,Mitsubishi,GTO
915,Bearnard,Tatford,584-485-5481,btatfordpe@example.com,Female,BMW,7 Series
916,Dyane,Ollerhad,168-796-6935,dollerhadpf@sbwire.com,Female,Toyota,Tundra
917,Sheree,Cantillion,436-938-5500,scantillionpg@cloudflare.com,Male,Dodge,Grand Caravan
918,Coretta,Packe,,,,Mitsubishi,GTO
919,Isidoro,Ebsworth,942-415-7045,iebsworthpi@tumblr.com,Genderqueer,Ford,Focus
920,Patti,Braisted,300-163-0358,pbraistedpj@webmd.com,Male,Infiniti,I
921,Brandy,Goligher,469-281-5623,bgoligherpk@digg.com,Female,Maybach,62
922,Latisha,Chmarny,730-511-4783,lchmarnypl@reuters.com,Male,Lincoln,Continental
923,Dosi,Rookes,239-332-6304,drookespm@telegraph.co.uk,Female,BMW,530
924,Curran,Gillebride,889-502-8433,cgillebridepn@php.net,Female,Lincoln,Town Car
925,Phip,Beades,775-637-8416,pbeadespo@bandcamp.com,Male,Suzuki,Verona
926,Lynnea,Purton,684-612-2455,lpurtonpp@irs.gov,Male,MINI,Cooper
927,Cate,Pine,758-853-5853,cpinepq@nature.com,Male,Ford,Windstar
928,Sergei,Asif,570-216-2432,sasifpr@linkedin.com,Male,Lexus,HS
929,Moshe,Melburg,401-436-7461,mmelburgps@economist.com,Female,Toyota,Avalon
930,Theodor,Fawltey,635-807-6078,tfawlteypt@cocolog-nifty.com,Male,GMC,Envoy
931,Shelba,Cassells,440-413-8669,scassellspu@dailymotion.com,Female,Aston Martin,V12 Vantage
932,Cally,Argile,787-972-8896,cargilepv@indiatimes.com,Male,Mercedes-Benz,500SL
933,Marji,Naire,354-188-6709,mnairepw@sciencedaily.com,Male,Chevrolet,Express
934,Ax,Sole,394-440-4284,asolepx@prweb.com,Male,Chevrolet,Cruze
935,Meaghan,Blaycock,715-170-4610,mblaycockpy@moonfruit.com,Male,Hummer,H1
936,Bent,Antonsen,530-370-8399,bantonsenpz@nba.com,Male,Nissan,Versa
937,Papageno,Fernihough,714-658-4451,pfernihoughq0@printfriendly.com,Male,Land Rover,LR2
938,Moore,Dallewater,216-413-3502,mdallewaterq1@canalblog.com,Female,Toyota,4Runner
939,Clayton,MacCostigan,184-672-1834,cmaccostiganq2@bandcamp.com,Female,BMW,6 Series
940,Wallie,MacClure,547-502-0249,wmacclureq3@sourceforge.net,Female,Mitsubishi,Galant
941,Revkah,Sheryn,840-777-1347,rsherynq4@walmart.com,Female,Aston Martin,Vantage
942,Natty,Briatt,273-171-4161,nbriattq5@umn.edu,Male,GMC,3500 Club Coupe
943,Lester,Harmon,418-244-7549,lharmonq6@ning.com,Male,Suzuki,Grand Vitara
944,Tabor,Alsina,205-102-6239,talsinaq7@harvard.edu,Male,MINI,Clubman
945,Mahmud,Jancic,591-290-9551,mjancicq8@blogtalkradio.com,Female,Mazda,B-Series Plus
946,Anna-diane,Gossage,143-500-3293,agossageq9@goo.gl,Female,Chevrolet,Astro
947,Carver,Hernik,260-772-7219,chernikqa@nba.com,Female,Toyota,4Runner
948,Kora,Meriel,577-440-3382,kmerielqb@comcast.net,Female,Chevrolet,Equinox
949,Donetta,Bessant,476-785-1509,dbessantqc@foxnews.com,Female,Jeep,Grand Cherokee
950,Curry,Pasque,771-240-4289,cpasqueqd@deliciousdays.com,Male,Mazda,Mazdaspeed6
951,Giffer,Flinders,395-789-0528,gflindersqe@rediff.com,Female,Oldsmobile,Aurora
952,Sol,Selvey,878-758-3537,sselveyqf@webnode.com,Female,Volvo,S80
953,Delmor,Burde,431-779-9897,dburdeqg@blinklist.com,Male,Studebaker,Avanti
954,Donaugh,Hawgood,728-458-4826,dhawgoodqh@time.com,Male,Maserati,430
955,Joycelin,Gallally,516-574-8962,jgallallyqi@columbia.edu,Female,Pontiac,Grand Prix
956,Dean,Courvert,289-663-9274,dcourvertqj@acquirethisname.com,Female,MINI,Cooper
957,Standford,Hudspeth,119-500-9870,shudspethqk@desdev.cn,Female,Lincoln,Town Car
958,Louella,Handley,280-267-5684,lhandleyql@mediafire.com,Female,MINI,Cooper Clubman
959,Pearle,Wenderoth,561-142-1210,pwenderothqm@photobucket.com,Male,Audi,A4
960,Harald,Esberger,323-137-1655,hesbergerqn@ocn.ne.jp,Male,Buick,Reatta
961,Jannel,Fosse,701-662-7759,jfosseqo@yahoo.co.jp,Female,Ford,Fairlane
962,Susette,Pifford,468-581-9163,spiffordqp@blogger.com,Agender,Jeep,Cherokee
963,Gretta,Gibberd,181-914-2727,ggibberdqq@about.me,Female,Mercedes-Benz,300CE
964,Colleen,Attenburrow,294-701-4534,cattenburrowqr@google.com.br,Female,Acura,ZDX
965,Nariko,Lasslett,637-685-7373,nlasslettqs@bing.com,Female,Cadillac,Seville
966,Murray,Cockerill,171-317-4619,mcockerillqt@addtoany.com,Female,Kia,Optima
967,Maddy,Daws,271-450-6959,mdawsqu@sciencedaily.com,Male,Scion,tC
968,Roxane,Trudgeon,390-314-9117,rtrudgeonqv@edublogs.org,Genderfluid,GMC,3500
969,Luciana,Martonfi,625-120-3284,lmartonfiqw@flickr.com,Female,Nissan,Maxima
970,Granville,Crosham,335-225-5450,gcroshamqx@mlb.com,Bigender,GMC,2500 Club Coupe
971,Barb,Doerr,865-580-3109,bdoerrqy@php.net,Male,Kia,Sorento
972,Kaile,Ivashkov,787-912-9611,kivashkovqz@addthis.com,Female,Chrysler,Town & Country
973,Rhetta,Stegel,639-127-8123,rstegelr0@omniture.com,Male,Acura,Integra
974,Ardyce,Gernier,768-275-5666,agernierr1@nhs.uk,Female,Mercury,Sable
975,Morgan,Haggidon,696-638-0495,mhaggidonr2@zimbio.com,Male,Jeep,Compass
976,Evita,Curneen,473-269-3722,ecurneenr3@typepad.com,Male,Mitsubishi,Montero Sport
977,Gerianna,Ansett,584-732-9010,gansettr4@edublogs.org,Female,Pontiac,Bonneville
978,Maddie,Pischoff,704-542-8838,mpischoffr5@bandcamp.com,Non-binary,Lexus,RX Hybrid
979,Fey,Stellino,822-850-9382,fstellinor6@huffingtonpost.com,Female,Hyundai,Genesis Coupe
980,Katti,Welden,117-490-5284,kweldenr7@ft.com,Male,Rolls-Royce,Phantom
981,Angelita,Matokhnin,847-331-7744,amatokhninr8@google.ca,Female,Nissan,Titan
982,Nappie,Seiler,700-729-3448,nseilerr9@a8.net,Female,Ford,F150
983,Daffy,Leyborne,174-574-8235,dleybornera@ihg.com,Male,Saab,900
984,Katherina,Gibbetts,678-716-1804,kgibbettsrb@boston.com,Female,Bugatti,Veyron
985,Mathias,Fiddyment,191-553-5518,mfiddymentrc@privacy.gov.au,Male,Kia,Sedona
986,Loydie,Khalid,956-607-4462,lkhalidrd@dell.com,Male,Honda,CR-X
987,Barclay,Duchart,660-231-9914,bduchartre@wordpress.org,Female,Ford,C-MAX Hybrid
988,Rhodia,Dyke,797-818-8608,rdykerf@wisc.edu,Male,Maserati,GranTurismo
989,Sherlocke,Celloni,101-826-7379,scellonirg@tinypic.com,Female,Ford,Courier
990,Saundra,Seleway,844-612-7932,sselewayrh@zimbio.com,Female,Toyota,Solara
991,Aldus,Bristoe,388-833-8499,abristoeri@cargocollective.com,Female,Chevrolet,Corvette
992,Fancy,Blackly,828-273-3489,fblacklyrj@desdev.cn,Female,Lincoln,Navigator
993,Florie,Hawkshaw,837-405-7447,fhawkshawrk@msn.com,Male,Subaru,Loyale
994,Emile,Bugden,716-413-5186,ebugdenrl@ask.com,Female,Dodge,Ram Van 1500
995,Ali,Abbet,146-529-3694,aabbetrm@accuweather.com,Female,Saturn,L-Series
996,Neala,Adamowitz,410-377-6016,nadamowitzrn@4shared.com,Female,Dodge,Grand Caravan
997,Flora,Josham,796-126-4819,fjoshamro@nydailynews.com,Male,Mazda,Mazda6
998,Efren,MacVaugh,106-886-9230,emacvaughrp@1688.com,Male,BMW,7 Series
999,Bev,Humbell,622-171-5254,bhumbellrq@earthlink.net,Female,Dodge,Dakota Club
1000,Louisa,Caton,971-357-1702,lcatonrr@abc.net.au,Female,Hummer,H3
